Actuals,cnnlstmtrans_pred,dlinear_pred,linear_pred,rnn_pred,xgboost_pred,EnsemblePrediction
-0.0005887479303995,0.011958360671997,-8.992230415344238,2.8124940395355225,-0.0017869472503662,-0.0015726902056485,0.011958360671997
0.0142773230390475,0.0119583755731582,-5.172679901123047,-9.250435829162598,-0.0016717165708541,-0.0022223477717489,0.0119583755731582
-0.006222885184769,0.0119583532214164,-8.83546257019043,-10.22568702697754,-0.0010316371917724,-0.0019311580108478,0.0119583532214164
0.0044186661864082,0.0119583532214164,3.527820348739624,1.9516780376434328,-0.0005192756652832,-0.001016721013002,0.0119583532214164
-0.0028812807861982,0.0119583532214164,-4.478771686553955,-1.940407395362854,-0.0009326189756393,-0.0004340933228377,-4.478771686553955
0.0037694401609036,0.011958360671997,-5.961464881896973,7.295375823974609,-0.0015366673469543,-0.0014325418742373,-5.961464881896973
0.0003967557592582,0.0119583532214164,0.779530942440033,0.4204781353473663,-0.0018783807754516,0.0002916323137469,0.4204781353473663
-0.0119920621028169,0.0119583681225776,-1.031561255455017,3.856311082839966,-0.0016489475965499,-0.0030464043375104,0.0119583681225776
0.0007827202012649,0.0119583532214164,-0.7593426704406738,-3.607279062271118,-0.001249149441719,-0.0020861874800175,-0.7593426704406738
-0.013949861236715,0.011958360671997,-11.520711898803713,-3.433676242828369,-0.0018939971923828,2.6786050511873327e-05,-11.520711898803713
-0.0014444056628106,0.0119583457708358,-5.267817497253418,-2.215649366378784,-0.0001318901777267,-0.0002832408936228,-5.267817497253418
0.0068952426099281,0.0119583532214164,5.716598987579346,5.051008701324463,0.0010017752647399,-0.0026965492870658,5.716598987579346
-0.0070395697050785,0.0119583681225776,4.722647666931152,0.6930209398269653,0.0001591444015502,-0.0013064877130091,4.722647666931152
0.0284974207053946,0.0119583532214164,30.694860458374023,-7.705800056457519,0.0007361322641372,-0.0004904440138489,-0.0004904440138489
0.0153800409533682,0.0119583532214164,12.32639503479004,-1.6296268701553345,-0.0001360923051834,-0.0006802853895351,0.0119583532214164
-0.0033868310524186,0.0119583681225776,1.3056060075759888,-18.03526496887207,0.0005279928445816,-0.003079890506342,0.0119583681225776
0.0040618550841364,0.0119583681225776,-3.505286693572998,2.305155038833618,3.923475742340088e-05,-0.0015689813299104,0.0119583681225776
0.0220448786481062,0.011958360671997,-20.62710189819336,6.274847507476807,0.000524491071701,-0.001165151130408,6.274847507476807
-0.007264161039396,0.0119583830237388,-6.944835186004639,-5.295247077941895,0.0006353855133056,-0.0014477437362074,0.0119583830237388
-0.0027410826707248,0.0119583681225776,-12.277802467346191,-8.751694679260254,-0.0001359581947326,-0.0035623342264443,-8.751694679260254
-0.0015217766698114,0.0119583532214164,7.738280773162842,18.71890640258789,-5.945563316345215e-05,-0.0068090264685451,7.738280773162842
0.006895156015389,0.0119583755731582,-8.601747512817383,13.983241081237791,0.0005771219730377,-0.0047442866489291,0.0005771219730377
0.023131490466237,0.0119583681225776,13.860121726989746,2.5579097270965576,0.0011713504791259,-0.0012672978918999,0.0011713504791259
-0.0315002338513255,0.0119583681225776,-17.832101821899414,-4.051822662353516,0.0011942237615585,-0.0038920589722692,0.0119583681225776
-0.0075931283707933,0.0119583532214164,-4.155555248260498,-1.6058202981948853,0.0001587122678756,-0.0044716447591781,-4.155555248260498
0.0621680859792971,0.0119583681225776,9.878373146057127,0.1556441485881805,0.0009110867977142,-0.0049442709423601,9.878373146057127
0.0012087979159513,0.0119583681225776,-20.00843811035156,-5.591493606567383,0.0021678805351257,-0.0041641984134912,-20.00843811035156
0.0094977634462874,0.0119583830237388,3.489854574203491,-119.20800018310548,0.0031826198101043,-0.0051771742291748,0.0119583830237388
-0.0210572295887915,0.0119583457708358,5.158596992492676,68.54009246826172,0.0051828771829605,-0.0106641249731183,0.0119583457708358
-0.0350724464255441,0.011958360671997,9.013328552246094,-39.284217834472656,0.0056614428758621,0.0022689101751893,0.0022689101751893
0.0047383865626257,0.011958360671997,5.197704792022705,23.682048797607425,0.0059854537248611,-0.0014551861677318,23.682048797607425
-0.0097747358913959,0.011958360671997,-7.185884475708008,59.377254486083984,0.006481721997261,-0.0009283033432438,59.377254486083984
0.0081550165007275,0.0119583681225776,-9.641592979431152,105.62834167480467,0.005854345858097,-0.0006372150965034,105.62834167480467
0.0008556444912611,0.0119583681225776,17.231178283691406,54.68965911865234,0.0051664412021636,-0.0024277870543301,54.68965911865234
0.0065303563476788,0.011958360671997,2.5784661769866943,-13.821319580078123,0.0039671808481216,-0.0021621219348162,-13.821319580078123
-0.0130971680163008,0.0119583383202552,-12.214863777160645,-54.446327209472656,0.0017169117927551,-0.0030842868145555,-54.446327209472656
-0.0111943978378253,0.0119583681225776,12.53831672668457,-42.26810836791992,-0.0013292431831359,-0.0038173897191882,-42.26810836791992
0.0151895763895731,0.0119583457708358,9.36162281036377,-66.31901550292969,-0.0019800662994384,-0.001434224890545,-66.31901550292969
0.0236003363102424,0.0119583830237388,-2.089807271957397,40.876243591308594,-0.000690534710884,-0.004027706105262,40.876243591308594
0.002924339511603,0.0119583532214164,10.00414752960205,-109.80521392822266,-9.341537952423096e-05,-0.0043083447962999,-109.80521392822266
-0.0058190466473637,0.0119583532214164,4.374342918395996,-3.023246049880981,-0.0005070269107818,-0.0010612953919917,-3.023246049880981
-0.0187541026403745,0.0119583532214164,1.2165043354034424,79.232421875,-2.8848648071289062e-05,-0.0015112758846953,79.232421875
-0.0015006901948173,0.0119583532214164,-9.911004066467283,-125.56820678710938,8.115172386169434e-05,-0.0033192506525665,-125.56820678710938
-0.0092942896541352,0.0119583755731582,-36.37931823730469,69.0114974975586,0.0002894103527069,-0.0011940299300476,69.0114974975586
-0.0067236382425977,0.0119583755731582,-15.345176696777344,-138.84860229492188,4.552304744720459e-05,-0.0108947595581412,-138.84860229492188
-0.0108420924136514,0.0119583681225776,-11.517661094665527,26.62226295471192,0.000538021326065,0.0010799678275361,26.62226295471192
0.0114642887869445,0.0119583681225776,13.178625106811523,-85.05834197998047,0.0012242794036865,-0.0029578732792288,-85.05834197998047
-0.0101634660089057,0.0119583681225776,4.424590110778809,3.4203848838806152,0.001782476902008,-0.0012381806736811,3.4203848838806152
0.0043374797170623,0.0119583532214164,9.043582916259766,45.62581253051758,0.0005673468112945,-0.0005584296304732,45.62581253051758
-0.0021739036003081,0.0119583681225776,-4.687235832214356,-34.42512130737305,-0.0002220422029495,-0.0032193711958825,-34.42512130737305
-0.0050494420769437,0.0119583532214164,-3.3675928115844727,6.686472415924072,-0.00017049908638,0.0001507679698988,6.686472415924072
0.0076899416526928,0.0119583532214164,8.370765686035156,65.57029724121094,-0.0006501376628875,-0.0011065445141866,65.57029724121094
-0.0038136751121859,0.0119583383202552,-6.549814224243164,-58.7573127746582,-0.001355230808258,-0.0004044300294481,-58.7573127746582
0.0044206879820678,0.0119583532214164,3.0445756912231445,-2.635833978652954,-0.0014176815748214,-0.001085162977688,-2.635833978652954
-0.0027878603687648,-0.0153131335973739,0.5364972352981567,-4.647552013397217,0.0007499456405639,-0.0009499185252934,0.5364972352981567
0.0014531803505308,-0.0153131335973739,10.886754035949709,3.116600513458252,0.001176506280899,-0.0012219212949275,3.116600513458252
-0.0009310607746842,-0.0153131484985351,-22.11846923828125,-0.1320932805538177,0.000144749879837,-0.0002528218610677,-0.1320932805538177
0.0133115195884658,-0.0153131484985351,5.4785895347595215,-11.974617004394531,-0.0014131665229797,-0.0024653023574501,5.4785895347595215
-0.004635320763851,-0.0153131410479545,-2.1059134006500244,3.064612865447998,-0.0024638921022415,-0.0006192870787344,-2.1059134006500244
0.0021437228096702,-0.0153131335973739,14.425716400146484,-5.481326103210449,-0.0034156590700149,-0.0023338592145591,14.425716400146484
0.0009194558685737,-0.0153131410479545,-8.63980770111084,4.388762950897217,-0.0031051784753799,-0.0027112043462693,-8.63980770111084
0.0020370436710179,-0.0153131484985351,-31.64131164550781,-0.1021593809127807,-0.0030378103256225,-0.0005505797453224,-31.64131164550781
0.0005083677455015,-0.0153131410479545,9.165139198303224,5.022158622741699,-0.0031624138355255,-0.0013249809853732,9.165139198303224
0.0020240557958074,-0.0153131335973739,3.543942213058472,-1.342908263206482,-0.0027154684066772,-0.0034865317866206,3.543942213058472
0.0116704030362729,-0.0153131410479545,9.101384162902832,-4.462543964385986,-0.0022435784339904,-0.0005671789986081,9.101384162902832
-0.000410476313802,-0.0153131335973739,-26.009990692138672,0.0001126588322222,-0.0021507143974304,-0.000511948368512,-26.009990692138672
0.0012289067558307,-0.0153131335973739,-3.510765314102173,-2.0574870109558105,-0.0024315118789672,-0.0030053870286792,-3.510765314102173
-0.0075936943698119,-0.0153131335973739,11.041976928710938,-8.098472595214844,-0.0028664022684097,-0.0025725106243044,11.041976928710938
0.0089158792363432,-0.0153131410479545,-4.223415851593018,-2.8714449405670166,-0.0021474957466125,-0.0050012157298624,-4.223415851593018
-0.0061475254457117,-0.0153131335973739,3.10464859008789,-1.436440348625183,-0.0012936890125274,-0.0019702350255101,3.10464859008789
0.0382413637674915,-0.0153131410479545,-25.278623580932617,-0.0232304651290178,-0.0018770098686218,-0.0002182577882194,-25.278623580932617
-0.0066360135348054,-0.0153131410479545,25.591211318969727,-0.8063818216323853,-0.0012662708759307,-0.0011036043288186,25.591211318969727
-0.0119913822150973,-0.0153131484985351,-1.2907782793045044,0.6604608297348022,-6.987154483795166e-05,-0.0034035488497465,-1.2907782793045044
-0.0051813245780982,-0.0153131484985351,-0.0156050510704517,-4.914084911346436,2.056360244750977e-05,-0.0039997277781367,-0.0156050510704517
-0.0025138562972751,-0.0153131484985351,-13.00979995727539,1.0138741731643677,4.00543212890625e-05,-0.0008807894191704,-13.00979995727539
-0.009634577640816,-0.0153131335973739,4.29918909072876,0.8173879384994507,-5.352497100830078e-05,-0.0007442056084983,4.29918909072876
0.0046608447790052,-0.0153131484985351,-5.754959583282471,-2.206503629684448,0.0002217292785644,-0.0037940351758152,-5.754959583282471
-0.001662814702609,-0.0153131410479545,-0.5555815100669861,-4.125458717346191,0.000154435634613,-0.0022777894046157,-0.5555815100669861
0.0107772115598688,-0.0153131484985351,0.5849461555480957,2.3712825775146484,0.0012063831090927,-0.0037495596334338,0.5849461555480957
-0.0036645216866594,-0.0153131484985351,10.54379177093506,-6.324159145355225,0.0008518695831298,0.0005488303140737,10.54379177093506
0.0022954257065389,-0.0153131484985351,6.255176067352295,1.0807313919067385,-0.0004681646823883,-0.0020034329500049,6.255176067352295
0.0048187627161572,-0.0153131484985351,-7.355679988861084,-15.457537651062012,-0.0003832280635833,-0.0035706600174307,-7.355679988861084
0.0026268782684664,-0.0153131335973739,-1.594410061836243,14.167858123779297,-0.0011767596006393,0.000718520139344,-1.594410061836243
-0.0037795339669456,-0.0153131410479545,-1.973005652427673,-4.502952575683594,-0.0017223358154296,-0.0004663717700168,-1.973005652427673
-0.0029288575707735,-0.0153131410479545,22.895227432250977,-0.1564846634864807,-0.0016311556100845,-0.0013260553823783,22.895227432250977
-0.000732827651636,-0.0153131410479545,10.039712905883787,-6.381135940551758,-0.0013763606548309,-0.0010050864657387,-0.0013763606548309
0.0004185947734334,-0.0153131410479545,-16.458538055419922,-10.08688735961914,-0.0014836639165878,2.0893136024824344e-05,-0.0014836639165878
-0.0015739128193197,-0.0153131484985351,-3.491233587265014,0.5619425177574158,-0.0013150572776794,-0.0003906374040525,-0.0013150572776794
0.0043317871685112,-0.0153131410479545,-15.940470695495604,-10.324951171875,-0.001380905508995,-0.0003851217916235,-0.001380905508995
0.0003177836738556,-0.0153131484985351,0.5926996469497681,-1.5703903436660769,-0.0017831921577453,-0.0032479921355843,-0.0017831921577453
0.0084853143054872,-0.0153131410479545,11.41790771484375,-16.848268508911133,-0.0024373680353164,0.0002905271248891,11.41790771484375
0.0041379245586042,-0.0153131410479545,-13.834657669067385,2.2093214988708496,-0.0018214881420135,-0.0010639313841238,-13.834657669067385
-0.0003183907759309,-0.0153131335973739,6.144169807434082,-20.31340408325196,-0.0021405965089797,-0.0016557136550545,6.144169807434082
0.0049909868306456,-0.0153131410479545,14.817952156066896,3.6047747135162354,-0.0021142661571502,-0.0024660306517034,14.817952156066896
0.0113732958545821,-0.0153131484985351,-8.276549339294434,-7.868378162384033,-0.0020436644554138,-0.0013893352588638,-8.276549339294434
-0.0005367195012809,-0.0153131261467933,-23.475431442260746,-19.89341354370117,-0.0019773542881011,-0.0032595929224044,-23.475431442260746
-0.0034264878136373,-0.0153131335973739,-3.76906418800354,-16.179540634155273,-0.0023069530725479,-0.0013048326363787,-3.76906418800354
0.0060593143050216,-0.0153131410479545,-17.80867576599121,13.374608993530272,-0.0028924643993377,-0.0018260211218148,-17.80867576599121
0.0036321329459275,-0.0153131484985351,-6.15083122253418,9.882367134094238,-0.00294691324234,5.862029138370417e-05,-6.15083122253418
0.00844100135746,-0.0153131484985351,0.702971875667572,-8.15411376953125,-0.0028884410858154,-0.0031914373394101,0.702971875667572
-0.0152596970717574,-0.0153131484985351,9.257006645202637,-8.26220703125,-0.0026166141033172,-0.0012058264110237,9.257006645202637
0.0003224981765155,-0.0153131410479545,26.64403915405273,6.374482154846191,-0.0027290880680084,-0.0021255237516015,26.64403915405273
-0.0127844015835414,-0.0153131335973739,-13.05178928375244,2.5469627380371094,-0.0026924163103103,-0.0007926789112389,-0.0007926789112389
0.0141176437949114,-0.0153131335973739,-5.627880573272705,-7.52793550491333,-0.0030328184366226,-0.0066027394495904,-0.0066027394495904
-0.0023910576632461,-0.0153131484985351,11.196450233459473,2.888392925262451,-0.0013791322708129,-0.0032193402294069,-0.0032193402294069
0.0053914169885412,-0.0153131410479545,3.300766706466675,-20.463138580322266,-0.0008237361907958,-0.0014421535888686,-0.0014421535888686
0.0060744676554728,-0.0153131410479545,19.936996459960938,-6.206184387207031,-0.0008565783500671,0.0003727468720171,0.0003727468720171
-0.004028336992148,-0.0153131335973739,-7.993111133575439,5.981544494628906,-0.0011435151100158,-0.0044686747714877,-0.0044686747714877
0.0194354065709382,-0.0153131484985351,-0.455150306224823,7.749704360961914,-0.0014276504516601,-0.0034104860387742,-0.0034104860387742
-0.0120761833823743,-0.0153131484985351,-12.14499855041504,6.839794635772705,-0.00272037088871,-0.0056149992160499,-0.0056149992160499
0.0029495769036543,-0.0153131410479545,-3.199169158935547,5.070522785186768,-0.0031193792819976,-0.0006274674669839,-0.0006274674669839
-0.0069200049108361,-0.0153131410479545,-20.45112419128418,4.242976665496826,-0.0024757385253906,-0.0010095905745401,-0.0010095905745401
0.0049783449878388,-0.0153131410479545,-1.804681658744812,-0.8826795220375061,-0.001943826675415,-0.0011237469734624,-0.0011237469734624
-0.003375124585066,-0.0153131410479545,-3.491372346878052,-13.502496719360352,-0.0009095817804336,-0.0023946142755448,-0.0023946142755448
-0.0090555877376648,-0.0153131335973739,9.372567176818848,0.141387328505516,-0.0009217262268066,-0.0024633950088173,-0.0024633950088173
0.0051150441844725,-0.0153131335973739,-10.147457122802734,-0.65663743019104,-0.0007877200841903,-0.0040898029692471,-0.0040898029692471
0.0031142709082231,-0.0153131335973739,-0.3924624025821686,-2.6680352687835693,-0.0005713701248168,-0.0020986755844205,-0.0020986755844205
0.0067357774151646,-0.0153131484985351,-3.980966806411743,-2.735398769378662,-0.0004732310771942,-0.0052393088117241,-0.0052393088117241
0.0011835658216268,-0.0153131484985351,10.193509101867676,0.4217302799224853,-0.0006621778011322,-0.0006657523335888,-0.0006657523335888
-0.0035434536753686,-0.0153131410479545,-2.833953380584717,-5.888594150543213,-0.0008789896965026,-0.0004158885567449,-0.0004158885567449
-0.0049040412527368,-0.0153131410479545,5.987034797668457,-9.68261432647705,-0.0007540136575698,-0.0022631667088717,5.987034797668457
-0.0144067858937345,-0.0153131484985351,-22.384220123291016,-11.494741439819336,-0.0009634643793106,-0.0003576453600544,-0.0153131484985351
0.018800555957775,-0.0153131335973739,7.662772178649902,-3.144101142883301,-0.00142702460289,-0.0017702373443171,-0.0153131335973739
-0.0044080854026251,-0.0153131484985351,-7.21997594833374,-19.73270606994629,-0.000867336988449,-0.0022718326654285,-7.21997594833374
0.0010719098846578,-0.0153131410479545,3.5449233055114746,-10.077686309814451,-0.0003002732992172,-0.0035932508762925,3.5449233055114746
-0.0087643930322046,-0.0153131484985351,0.0292974077165126,5.07786226272583,-5.535781383514404e-05,-0.0030806597787886,0.0292974077165126
-0.0088238425926115,-0.0153131410479545,2.5024073123931885,13.212240219116213,-0.000233769416809,-0.0008008707081899,-0.0153131410479545
-0.0053044768583535,-0.0153131410479545,2.8345282077789307,11.459798812866213,-0.0008543729782104,-0.0047276522964239,-0.0153131410479545
0.00452298628964,-0.0153131410479545,-5.893979072570801,4.530941486358643,-0.0006773620843887,-0.0019472617423161,-0.0153131410479545
-0.0004229855615226,-0.0153131484985351,13.070579528808594,-2.436093330383301,0.0011442601680755,-0.0005760698695667,-0.0153131484985351
-0.0035872965991156,-0.0153131335973739,0.9615352153778076,-8.721052169799805,0.0007501393556594,-0.0020488502923399,-8.721052169799805
0.0052548606619203,-0.0153131484985351,18.805021286010746,-1.6121646165847778,0.000188410282135,-0.0007463270449079,-0.0153131484985351
-0.0177379449352568,-0.0153131335973739,-12.133933067321776,-3.25215482711792,-0.0001892000436782,-0.0006597645115107,-12.133933067321776
-0.0053317366858341,-0.0153131484985351,-1.990864396095276,-2.4360105991363525,-0.0003146827220916,-0.0028499702457338,-1.990864396095276
-0.0027514957711011,-0.0153131410479545,-1.9633961915969849,-15.21599578857422,-0.0003239661455154,-0.0020457336213439,-0.0153131410479545
-0.0012163721777138,-0.0153131335973739,-2.432812452316284,-3.778390407562256,0.000117152929306,-0.0007721961010247,-0.0153131335973739
-0.0055746543882857,-0.0153131335973739,5.566335678100586,-62.32018280029297,0.0001447945833206,-0.0018325300188735,-0.0153131335973739
-0.0059662652535815,-0.0153131335973739,0.8903533220291138,61.23038864135742,0.0003781914710998,-0.0006331101758405,-0.0153131335973739
0.0029316712585461,-0.0153131484985351,15.453742027282717,-32.78607177734375,0.0004463642835617,-0.0010083266533911,-0.0153131484985351
0.0047652195518266,-0.0153131484985351,-7.38190746307373,-12.986065864562988,0.0003167390823364,-0.0030894258525222,-0.0153131484985351
-0.0032633051477796,-0.0153131335973739,1.013429045677185,-30.880470275878903,-0.0001557171344757,-9.83903810265474e-05,-0.0001557171344757
-0.0071326365660853,-0.0153131484985351,-15.153185844421388,9.128235816955566,-0.0004281401634216,-0.0011866055428981,-0.0004281401634216
-0.006346939752765,-0.0153131484985351,4.077361106872559,-17.16672706604004,0.0003891289234161,-0.0015515817794948,-0.0153131484985351
-0.0038137018842399,-0.0153131484985351,3.1467199325561523,18.680418014526367,0.0010837912559509,-0.0023464662954211,-0.0153131484985351
-0.0023952644757867,-0.0153131335973739,0.3460532128810882,-35.037471771240234,0.0011816471815109,-0.0043780202977359,-0.0153131335973739
-0.0117694023542152,-0.0153131484985351,11.961545944213867,-32.15981674194336,0.0014545768499374,-0.0002603838220238,-0.0153131484985351
0.015824334531329,-0.0153131410479545,-11.006319999694824,-5.3389573097229,0.0009204596281051,-0.0028175427578389,-0.0153131410479545
0.0030165453149225,-0.0153131484985351,1.3005574941635132,-52.428253173828125,0.0005007088184356,-0.0004591507604345,0.0005007088184356
-0.0024957572583595,-0.0153131410479545,-0.0040216138586401,-5.401953220367432,-6.793439388275146e-05,-0.0052690911106765,-6.793439388275146e-05
0.0004978895908182,-0.0153131484985351,-0.0871197879314422,30.72831153869629,-9.326636791229248e-05,-0.000536419742275,-0.0871197879314422
-0.0001989287285858,-0.0153131410479545,-4.39480447769165,-66.76280975341797,-2.16066837310791e-05,-0.0033929727505892,-0.0153131410479545
0.0016965885641007,-0.0153131261467933,-6.191421031951904,-43.32426834106445,-0.0002469718456268,-0.0008744857623241,-0.0153131261467933
-0.0077153969891872,-0.0153131410479545,6.923015117645264,-45.58847427368164,8.377432823181152e-05,-0.0004099034122191,-0.0153131410479545
-0.0035788907789825,-0.0153131484985351,7.554307460784912,52.05464172363281,0.0003108382225036,-0.0020052706822752,-0.0153131484985351
-0.0049554013125735,-0.0153131410479545,14.72691249847412,65.7011489868164,0.0003784000873565,-0.0022881587501615,-0.0153131410479545
0.0020728367341159,-0.0153131410479545,-7.603683471679687,16.378223419189453,0.0003207623958587,-0.0014749252004548,-0.0153131410479545
0.0088188605409854,-0.0153131335973739,0.5763194561004639,-2.366645574569702,2.428889274597168e-05,-0.0037534292787313,-0.0153131335973739
0.012115139229321,-0.0153131410479545,7.568705558776855,10.209712982177734,-0.0002741813659667,-0.000135865426273,-0.0153131410479545
-0.0114374093296996,-0.0153131335973739,-7.770970821380615,31.233301162719727,-0.0004761964082717,-0.0019655886571854,-0.0153131335973739
0.0042856956014828,-0.0153131484985351,-2.185920000076294,-7.75054407119751,-0.0012214034795761,-0.00129489088431,-0.0153131484985351
-0.00721991804258,-0.0153131410479545,-8.819334983825684,9.89572048187256,-0.0013009458780288,-0.0006511185201816,-0.0153131410479545
0.0062729986209658,-0.0153131261467933,8.304924011230469,-8.413407325744629,-6.407499313354492e-07,-0.0066369925625622,-0.0153131261467933
0.0111044479843735,-0.0153131335973739,-4.735633850097656,-0.6655927896499634,-0.0011513382196426,-0.0030928840860724,-0.0153131335973739
0.0061765957589805,-0.0153131484985351,-15.194666862487791,-5.924221515655518,-0.0012928247451782,-0.0005915396614,-0.0153131484985351
-0.0071428260024713,-0.0153131335973739,-3.346308469772339,-3.457049608230591,-0.0019899606704711,-0.0004877993778791,-0.0153131335973739
0.0060526429006876,-0.0153131410479545,7.545921802520752,-2.326085567474365,-0.0019392222166061,-0.000259449967416,-0.0153131410479545
-0.0021289445029609,-0.0153131484985351,3.5924160480499268,-5.977951049804688,-0.0018260627985,-0.0017528580501675,-0.0153131484985351
0.0027247618634047,-0.0153131484985351,-4.455318450927734,-3.3615496158599854,-0.002114713191986,-0.0019531106809154,-0.0153131484985351
-0.0048504785910907,-0.0153131410479545,1.6431134939193726,-6.228896617889404,-0.0015235096216201,-0.0009828336769714,-0.0153131410479545
-0.0020122441842273,-0.0153131410479545,8.95060920715332,-7.41049337387085,-0.0011715590953826,-0.0009439958375878,-0.0153131410479545
-0.0043145962269789,-0.0153131484985351,3.441214799880981,3.671581506729126,-0.001185804605484,-0.0011224875925108,-0.0153131484985351
-0.0049014490125669,-0.0153131410479545,6.244717121124268,0.1356434673070907,-0.0011874139308929,-0.0011878567747771,-0.0153131410479545
0.0259426272582279,-0.0153131335973739,2.449716567993164,-3.9832546710968018,-0.0006879866123199,-0.0004215350782033,-0.0006879866123199
0.0355072500968483,-0.0153131484985351,-9.871175765991213,0.2337876409292221,-0.0004269629716873,-0.0011804519454017,-9.871175765991213
0.0162618092477286,-0.0153131410479545,2.8854098320007324,-8.49063777923584,-0.0015738159418106,-0.0012594932923093,2.8854098320007324
0.0037577676230904,-0.0153131410479545,0.3761067390441894,3.9900641441345215,-0.002221941947937,-0.0042774057947099,0.3761067390441894
-0.0175401004240475,-0.0153131633996963,-9.583944320678713,4.880836009979248,-0.0026913881301879,0.0006720466772094,-9.583944320678713
-0.0057773431658493,-0.0153131484985351,4.4218854904174805,30.931734085083008,-0.0035979598760604,-0.0024158763699233,4.4218854904174805
-0.0083498911610822,-0.0153131335973739,9.760615348815918,3.128141403198242,-0.0036388039588928,-0.0023402133956551,9.760615348815918
-0.0063075236906863,-0.0153131410479545,-1.264292597770691,-10.955893516540527,-0.0035071969032287,-0.0003770699258893,-1.264292597770691
0.0093190337725515,-0.0153131484985351,-1.2457027435302734,-21.71241569519043,-0.0021201223134994,-0.0033269771374762,-1.2457027435302734
-0.0086089206805692,-0.0153131484985351,-9.65744686126709,1.8490840196609497,-0.0014266371726989,0.0006216987385414,-9.65744686126709
0.0364131355869624,-0.0153131410479545,-5.341506004333496,-13.81484603881836,-0.0015380084514617,-0.0011257278965786,-5.341506004333496
-0.003349876329445,-0.0153131484985351,2.246032476425171,7.929622650146484,-0.0020447075366973,-0.0022061492782086,2.246032476425171
-0.0004334263206255,-0.0153131484985351,1.2248824834823608,-9.11412239074707,-0.0027375072240829,-0.004738534335047,1.2248824834823608
-0.0027873299703363,-0.0153131410479545,-7.755804538726807,6.5876898765563965,-0.002231165766716,-0.0004505410906858,-7.755804538726807
-0.0139095089652677,-0.0153131484985351,-14.73528003692627,27.7614688873291,-0.0020048022270202,-0.0009038862190209,-14.73528003692627
0.0054031240088188,-0.0153131484985351,4.853453159332275,-3.619499683380127,-0.001902163028717,-0.0021711660083383,4.853453159332275
0.0113186679043613,-0.0153131484985351,1.2824267148971558,7.170951843261719,-0.0015152394771575,-0.0024470617063343,1.2824267148971558
0.0090738040268039,-0.0153131410479545,-16.603900909423828,-17.186599731445312,-0.0009641945362091,0.0002020934189204,-16.603900909423828
-0.008366800592444,-0.0153131484985351,-18.973756790161133,6.509533882141113,-0.0007566213607788,-0.0001837837335187,-18.973756790161133
-0.0094255763056625,-0.0153131335973739,-15.595911979675291,-3.568331718444824,-0.0018390715122222,-0.0036074540112167,-15.595911979675291
-0.0102641929811904,-0.0153131484985351,6.387861728668213,6.635749340057373,-0.002321571111679,-0.0006612329743802,6.387861728668213
-0.0165997483963536,-0.0153131410479545,8.700048446655273,14.355762481689451,-0.0025109350681304,-0.003562316764146,8.700048446655273
0.0206439228717077,-0.0153131484985351,3.478503704071045,6.058761119842529,-0.0007866919040679,-0.0019760748837143,3.478503704071045
0.0010932017910562,-0.0153131335973739,-6.161329746246338,-27.13140869140625,-0.0001160502433776,-0.0009110408136621,-6.161329746246338
0.026682774934871,-0.0153131335973739,5.381736755371094,-27.18321990966797,-0.000606894493103,-0.0030971185769885,5.381736755371094
-0.0162758968272452,-0.0153131484985351,-12.786663055419922,-0.7364692687988281,-0.0009200870990753,-0.001489543588832,-12.786663055419922
-0.0061832835371299,-0.0153131484985351,12.397791862487791,-5.995404243469238,-0.002584770321846,-0.0027368133887648,12.397791862487791
0.0117318776732716,-0.0153131559491157,0.8445616960525513,31.86993408203125,-0.0014657974243164,-0.0035579199902713,0.8445616960525513
0.0012471724961182,-0.0153131335973739,-13.987062454223633,23.631895065307617,-0.0004007369279861,0.0002322567743249,-13.987062454223633
0.0051959684944695,-0.0153131335973739,-3.0081992149353027,6.785098552703857,-0.0002354979515075,-0.0029333527199923,-3.0081992149353027
-0.0034313513749358,-0.0153131410479545,2.645021677017212,-8.192373275756836,-0.0005165338516235,-0.0013510806020349,2.645021677017212
0.0060206609865535,-0.0153131484985351,-1.4364969730377195,-10.00339698791504,-0.0006430149078369,-0.0018107835203409,-1.4364969730377195
-0.0158369268794175,-0.0153131484985351,24.068340301513672,-16.5277042388916,-0.0019407719373703,-0.0011927993036806,24.068340301513672
-0.0009049980732326,-0.0153131484985351,30.089086532592773,-2.8750364780426025,-0.0023859292268753,0.0002538274857215,30.089086532592773
-0.0080244016448379,-0.0153131410479545,3.027650594711304,-8.839000701904297,-0.0006334483623504,-0.0006516040884889,3.027650594711304
0.0102586771388783,-0.0153131335973739,7.039327621459961,-1.7907962799072266,0.0001827329397201,-0.0017495406791567,7.039327621459961
0.0265885596389395,-0.0153131484985351,-5.936807155609131,10.830214500427246,0.0008424818515777,-0.0007139585213735,-5.936807155609131
0.0063062119916836,-0.0153131335973739,4.946228504180908,-17.367382049560547,0.0004589557647705,-0.001514013740234,0.0004589557647705
0.013768013086862,-0.0153131484985351,-13.963539123535156,-1.17298424243927,-0.000125914812088,-0.0057875178754329,-0.000125914812088
-0.003615273683141,-0.0153131410479545,-31.024133682250977,-6.141726970672607,0.0006590187549591,-0.0030717030167579,0.0006590187549591
0.0222828590922223,-0.0153131335973739,-11.416728973388672,7.138148784637451,-0.0001783072948455,-0.0022143542300909,-11.416728973388672
0.0155316065682435,-0.0153131410479545,5.773826122283936,1.964539647102356,-0.0011941641569137,-0.0014873114414513,5.773826122283936
0.0114489753384504,-0.0153131410479545,22.84578895568848,-1.7648380994796753,0.0013387724757194,0.0003581127093639,22.84578895568848
-0.0158515723650158,-0.0153131484985351,-21.311254501342773,-5.904980659484863,0.0007628127932548,-0.0033888267353177,-21.311254501342773
-0.0051144441658314,-0.0153131335973739,-11.035974502563477,-5.840429782867432,-0.0012671574950218,0.0001908028498291,-11.035974502563477
0.0085295423197228,-0.0153131335973739,-11.119359970092772,-10.26987648010254,-0.0012922063469886,-0.0025027533993124,-11.119359970092772
-0.0020485094916969,-0.0153131484985351,-23.09794807434082,7.072076320648193,-0.000484175980091,-0.0034089358523488,-23.09794807434082
-0.0049320783791137,-0.0153131335973739,2.366722345352173,2.999911308288574,-0.0023907795548439,-0.0023659805301576,2.366722345352173
-0.0040909196894925,-0.0153131484985351,-3.2079508304595947,1.2204256057739258,-0.0028535649180412,-0.0020125373266637,-3.2079508304595947
-0.0092738080667409,-0.0153131484985351,-18.99215316772461,-5.765768051147461,-0.0020694807171821,-0.0025622979737818,-18.99215316772461
-0.0008317453870993,-0.0153131335973739,-19.27939796447754,-8.77928638458252,-0.0013784691691398,-0.0018467491026967,-19.27939796447754
0.0003547212889337,-0.0153131410479545,0.0036261812783777,-1.874961018562317,-0.0009875372052192,-0.0032256150152534,0.0036261812783777
-0.0018954629282484,-0.0153131484985351,-8.348551750183105,4.833187580108643,-0.0001116394996643,0.0004325154877733,-8.348551750183105
-0.0090662503273237,-0.0153131410479545,-12.371837615966797,2.4899377822875977,-3.079324960708618e-05,-0.002306715818122,-12.371837615966797
-0.0051510471884581,-0.0153131484985351,11.036928176879885,1.3462539911270142,0.0013552829623222,-1.7658625438343734e-05,11.036928176879885
0.0013952185048426,-0.0153131484985351,10.809569358825684,-12.93655014038086,0.0019131228327751,-0.0031464430503547,10.809569358825684
-0.0048933724803131,-0.0153131335973739,20.2050724029541,-7.898452281951904,0.0011073127388954,-0.0021327659487724,20.2050724029541
0.0049665083862535,-0.0153131410479545,2.9836461544036865,-4.703373432159424,0.0011942312121391,-0.0021219702903181,2.9836461544036865
-0.0068684089337631,-0.0153131484985351,7.597198486328125,6.777060031890869,0.0006959661841392,-0.0006109067471697,7.597198486328125
-0.0042818551268009,-0.0153131335973739,6.521307468414307,-9.590964317321776,-0.0001449063420295,-0.0030533804092556,-9.590964317321776
-0.0055260847820194,-0.0153131484985351,-0.3553139865398407,-12.735673904418944,-0.0002894848585128,-0.0003226587141398,-12.735673904418944
-0.0118609678964483,-0.0153131335973739,21.78255653381348,-8.009478569030762,-0.0005299150943756,-0.0010098615894094,-8.009478569030762
-0.0058889765016385,-0.0153131484985351,16.394622802734375,-2.235577344894409,-0.000107042491436,-0.0013830158859491,-2.235577344894409
0.0004494484890712,-0.0153131484985351,20.327133178710938,6.360433101654053,0.0007243826985359,-0.0009586459491401,6.360433101654053
-0.0183738384878403,-0.0153131410479545,-8.064470291137695,-16.114364624023438,-0.0003747716546058,-0.0041220365092158,-16.114364624023438
0.000973775586168,-0.0153131410479545,4.5571794509887695,-11.251205444335938,-0.0007677152752876,-0.0022889974061399,-11.251205444335938
-0.0059840648509299,-0.0153131410479545,-3.2849268913269043,-6.171203136444092,-0.0001022666692733,-0.0022179959341883,-6.171203136444092
0.0030169032072229,-0.0153131410479545,3.6920478343963614,2.9794790744781494,0.000157706439495,-0.0023318293970078,2.9794790744781494
0.0011824659742688,-0.0153131484985351,13.22103786468506,-2.502064943313598,9.043514728546144e-05,-0.0010952460579574,13.22103786468506
-0.0085837240123739,-0.0153131410479545,-0.1976712346076965,-2.5901939868927,-1.3306736946105955e-05,-0.0018885004101321,-0.1976712346076965
0.0035270864714749,-0.0153131484985351,8.201415061950684,-9.51091480255127,-0.0008211657404899,-0.0004854822473134,8.201415061950684
-0.0031887267912897,-0.0153131484985351,-8.042522430419922,-1.338112711906433,-0.0008665844798088,-0.0042865010909736,-8.042522430419922
-0.0061676076712895,-0.0153131335973739,14.457386016845703,11.147144317626951,-0.0007329061627388,-0.0013730961363762,14.457386016845703
-0.0031658444027047,-0.0153131484985351,10.013806343078612,1.1683955192565918,-0.0009795054793357,-0.0033398394007235,-0.0153131484985351
0.0021103403537666,-0.0153131484985351,-4.226667881011963,-30.0667667388916,-0.0014588981866836,-0.0008891038014553,-0.0153131484985351
0.001052615517064,-0.0153131410479545,9.882282257080078,-12.629535675048828,-0.0014314875006675,-0.0014202002203091,-0.0153131410479545
0.0064414005280797,-0.0153131335973739,4.6387786865234375,-0.4781408011913299,-0.0001273676753044,-0.0006736986106261,4.6387786865234375
-0.0066409891016354,-0.0153131410479545,11.925029754638672,-13.469239234924316,0.0013862922787666,-0.0016771144000813,11.925029754638672
-0.0029755449929565,-0.0153131410479545,5.119390964508057,-28.24228477478028,0.0015398859977722,-0.0018040260765701,-0.0153131410479545
-0.0025325050297089,-0.0153131484985351,1.8383867740631104,-0.9897345304489136,0.0018532276153564,-0.0024564529303461,-0.0153131484985351
0.0104003095679449,-0.0153131335973739,-0.5011396408081055,10.45891571044922,0.0020302608609199,-0.0006813522195443,-0.0153131335973739
0.0045764187884803,-0.0153131410479545,0.4806856215000152,-4.496840953826904,0.0001737549901008,-0.0008815068285912,-4.496840953826904
0.0004288262869941,-0.0153131484985351,-8.764118194580078,5.905840873718262,0.0003792569041252,-0.0012378032552078,0.0003792569041252
-0.0078859604552251,-0.0153131410479545,2.3622348308563232,-19.179431915283203,0.0010602474212646,-0.0023696972057223,0.0010602474212646
-0.0059860773952506,-0.0153131484985351,-9.53852653503418,8.16922664642334,0.0013543143868446,-0.0033057490363717,8.16922664642334
0.0027563037335262,-0.0153131335973739,-0.0737156346440315,-0.4883921444416046,0.0010047778487205,-0.00101063051261,-0.0153131335973739
0.0078481053832259,-0.0153131335973739,16.26445770263672,-5.348783016204834,0.0006641224026679,-0.0018119172891601,-0.0153131335973739
-0.004602872121643,-0.0153131335973739,19.3032341003418,1.1704885959625244,0.000283233821392,-0.0009014654206112,0.000283233821392
-0.0125986827850043,-0.0153131484985351,-8.273698806762695,0.682296872138977,-1.0386109352111816e-05,-0.0023360382765531,-8.273698806762695
0.0023099666698629,-0.0153131410479545,-1.4859508275985718,21.79292678833008,0.0011254996061325,-0.0025999762583523,-0.0153131410479545
0.0026474637211907,-0.000902107625734,0.3936042785644531,-23.65727424621582,0.0018846616148948,-0.0011869936715811,0.0018846616148948
-0.0060304667273392,-0.0009021076839417,6.054941177368164,-5.614207267761231,0.0017031654715538,-0.0009069809457287,0.0017031654715538
0.0057676494152424,-0.0009021076839417,7.933732986450195,0.5532088279724121,0.00183717161417,-0.0009498480358161,-0.0009021076839417
-0.0040944817810859,-0.0009021076839417,8.235006332397461,1.3961182832717896,0.0023604854941368,-0.0014812683220952,1.3961182832717896
-0.0067064800125933,-0.0009021076839417,-8.980266571044922,13.523208618164062,0.0011081770062446,-0.0002548758347984,-8.980266571044922
0.001348038983009,-0.0009021076839417,-15.935784339904783,-31.8855209350586,0.0012783780694007,-0.0021714232861995,-0.0009021076839417
0.0083620302882263,-0.0009021076839417,-1.1732122898101809,-4.808797836303711,0.0016006752848625,-0.0009555752621963,-0.0009021076839417
0.000529637218708,-0.0009021076839417,16.422842025756836,-0.7937883138656616,0.000973455607891,-0.0005893760826438,0.000973455607891
-0.0044406656884564,-0.0009021076839417,-2.1458778381347656,-27.711400985717773,-0.0001558437943458,-0.0015603188658133,-0.0001558437943458
-0.0058792394603018,-0.0009021076839417,-11.617834091186523,5.223974227905273,-8.717924356460571e-05,-0.0029913915786892,-11.617834091186523
-0.0072682441634456,-0.000902107800357,-3.4531772136688232,6.638789176940918,0.0008013322949409,-0.0006284533301368,-0.000902107800357
0.0063903848550773,-0.0009021076839417,10.845542907714844,-3.2442336082458496,0.0013399347662925,-0.0008579300483688,-0.0009021076839417
-0.0148837461644055,-0.0009021076839417,12.757458686828612,-6.644689083099365,0.0012723878026008,-0.0007343811448663,12.757458686828612
0.0091528679865707,-0.0009021076839417,-4.074472904205322,0.2123523950576782,0.000542439520359,-0.0002756657195277,-0.0009021076839417
0.006369376828774,-0.000902107800357,-1.3394898176193235,5.887735366821289,0.0024102106690406,-0.0016244478756561,5.887735366821289
-0.0086242918690582,-0.0009021076839417,6.381874084472656,-6.611835479736328,0.002455934882164,-0.0024485844187438,-6.611835479736328
-0.0055814048116521,-0.0009021076839417,-3.0778298377990723,1.040571689605713,0.002265878021717,-0.0014234872069209,1.040571689605713
0.006901505524395,-0.000902107800357,-4.07919454574585,-28.41284942626953,0.0027138367295265,-0.0006100718164816,-0.000902107800357
-0.0044773042594406,-0.000902107800357,3.1472325325012207,4.754971027374268,0.001839242875576,-0.0016583941178396,0.001839242875576
-0.0088028803335443,-0.0009021076839417,4.809819221496582,15.825753211975098,-0.000150941312313,-0.0007777297869324,-0.000150941312313
-0.0022554974229869,-0.0009021077421493,-14.091365814208984,-7.38997745513916,-0.0009059607982635,-0.0015040240250527,-0.0009021077421493
-0.0118487846234425,-0.0009021076839417,2.984305620193481,-34.760765075683594,0.0002073720097541,-0.0014672725228592,-0.0009021076839417
0.010600737197445,-0.0009021076839417,5.875687122344971,6.21554708480835,0.0004698112607002,-0.0019148390274494,-0.0009021076839417
0.006971129703017,-0.000902107800357,-0.4309395253658294,3.1071488857269287,0.0014504864811897,-0.0002328466798644,3.1071488857269287
0.0010133611047003,-0.0009021076839417,-11.750113487243652,-10.205845832824709,0.0009286850690841,-0.0032134782522916,-10.205845832824709
-0.001743392115896,-0.0009021076839417,12.311991691589355,-8.365270614624023,-0.0001968443393707,-0.0005742099019698,-0.0001968443393707
0.0163495767392351,-0.0009021076839417,6.28827714920044,5.217656135559082,-0.0001158937811851,-0.0022952978033572,-0.0001158937811851
-0.0007349049325377,-0.0009021076839417,-8.476347923278809,5.302314758300781,0.0005480721592903,-0.0006593632278963,5.302314758300781
0.0030629585402683,-0.0009021076839417,11.03079605102539,6.552711486816406,-0.0006945580244064,-0.0043961117044091,11.03079605102539
-0.0252100315214663,-0.0009021076839417,-2.1354987621307373,-26.664779663085938,-0.0002196133136749,0.0004741735756397,-2.1354987621307373
0.0119722681688075,-0.0009021076839417,5.050564765930176,-4.195940971374512,0.0006862953305244,-0.001294233254157,5.050564765930176
-0.0084087380648086,-0.0009021076839417,-1.7858625650405884,-2.9092020988464355,0.0018846467137336,-0.0010168035514652,-1.7858625650405884
-0.0112252203237114,-0.0009021076839417,11.543139457702637,-5.17271089553833,0.0003213807940483,-0.0004608379385899,11.543139457702637
-0.0028243125185199,-0.0009021076839417,6.6064772605896,2.2568013668060303,4.322081804275513e-05,-0.0032662884332239,-0.0009021076839417
-0.0065249712532722,-0.000902107800357,-8.679678916931152,0.0220121853053569,0.0012700632214546,-0.0027426490560173,-0.000902107800357
-0.0042918838830575,-0.0009021076839417,-19.440614700317383,-5.240917682647705,0.0008435323834419,-0.0004025925300084,-0.0009021076839417
-0.0052904785078615,-0.0009021076839417,19.762300491333008,-3.3017821311950684,0.0005995035171508,-0.001402712194249,-0.0009021076839417
-0.0041368692355424,-0.0009021076839417,11.678248405456545,6.11046028137207,0.0003331750631332,-0.0004314776451792,-0.0009021076839417
0.0052854650028697,-0.0009021076839417,-10.39616870880127,-1.2023674249649048,0.0005208775401115,-0.0004578377702273,-0.0009021076839417
-0.0014548413671892,-0.0009021076839417,-8.225646018981934,-6.252072334289551,1.2926757335662842e-05,-0.0028730274643749,-0.0009021076839417
0.0127699684471624,-0.0009021076839417,-7.071430206298828,1.3352335691452026,-0.0007360428571701,0.0002017448568949,-0.0009021076839417
-0.0034411035016056,-0.0009021076839417,-4.1127095222473145,-7.789889335632324,-0.0012428686022758,-0.0014795783208683,-0.0009021076839417
0.0019775441068407,-0.0009021076839417,-0.1567056775093078,-0.1534838080406189,-0.0021873638033866,-0.0010457278694957,-0.1534838080406189
-0.0061097843588974,-0.0009021076839417,-7.006684303283691,-1.2790378332138062,-0.0017874613404273,-0.0048603476025164,-1.2790378332138062
-0.0151053685550505,-0.0009021076839417,-1.3965234756469729,3.5893023014068604,-0.0008560940623283,-0.0019878498278558,3.5893023014068604
-0.0028688399966636,-0.000902107800357,7.456289291381836,-4.03490161895752,-0.0001657381653785,-0.005312689114362,-0.000902107800357
-0.0145030958618464,-0.0009021076839417,7.261415004730225,-4.591764450073242,0.0004462674260139,-0.0028571374714374,-0.0009021076839417
-0.0008046855011879,-0.000902107800357,-11.119321823120115,-8.207801818847656,0.000558815896511,-0.000487380020786,-0.000902107800357
-0.0114480756044022,-0.0009021076839417,15.05177879333496,0.9351479411125184,0.0021015331149101,-0.0004746514605358,-0.0009021076839417
0.0061356034424309,-0.0009021076839417,8.153483390808105,3.0043063163757324,0.0021433383226394,-0.0010865007061511,-0.0009021076839417
-0.0005966937520914,-0.000902107800357,-12.955327033996582,-0.798869788646698,0.0015181526541709,-0.0002589142241049,-0.000902107800357
-0.0040718643636285,-0.0009021076839417,15.941920280456545,3.49986219406128,0.0008520707488059,-7.641124830115587e-05,-0.0009021076839417
-0.0094880320377262,-0.0009021076839417,2.586397171020508,-0.741394579410553,0.0006197616457939,-0.0003360612899996,-0.0009021076839417
0.0094865645056541,-0.0009021076839417,-14.81984806060791,1.1564254760742188,0.0010704472661018,-0.0007477932376787,-0.0009021076839417
-0.0056268477557004,-0.000902107800357,0.2948853671550751,-5.241614818572998,0.0014862343668937,-0.0026160487905144,-5.241614818572998
-0.0069573646569373,-0.0009021076839417,0.5722936987876892,-6.000697612762451,0.0006359666585922,-0.0013966728001832,-6.000697612762451
-0.005437471595339,-0.0009021076839417,10.831435203552246,-5.071446418762207,0.0011752620339393,-0.0010593648767098,-5.071446418762207
0.0205168170813376,-0.0009021076839417,-6.302677631378174,-6.957562446594238,0.0025964006781578,-0.0004497932968661,-6.957562446594238
-0.0102817686588097,-0.0009021076839417,-0.0503028891980648,-2.490168809890747,0.002743013203144,-0.0011784890666604,-2.490168809890747
0.0067448916991444,-0.0009021076839417,24.798513412475582,-1.3711726665496826,0.0007368698716163,-0.0010346072958782,-1.3711726665496826
0.0209604883412989,-0.000902107800357,14.820599555969238,-2.095128536224365,0.0009683221578598,-0.0022617767099291,-2.095128536224365
-0.0019009749595555,-0.0009021076839417,0.5310068726539612,2.3115928173065186,0.0015118494629859,-0.0020242840982973,2.3115928173065186
-0.00812927205806,-0.0009021076839417,-9.82444190979004,-1.4272129535675049,0.000463455915451,0.0002700054901652,-1.4272129535675049
-0.0016507881472492,-0.0009021076839417,7.554708957672119,-2.0766761302948,0.001349814236164,-0.0030405775178223,-2.0766761302948
-0.0030108543254688,-0.0009021076839417,-3.0600101947784424,0.5166620016098022,0.0025747045874595,-7.666357851121575e-05,0.5166620016098022
-0.0131693682052897,-0.0009021076839417,-18.41422271728516,-6.7615485191345215,0.0014273002743721,-0.0008913323981687,-6.7615485191345215
0.0013380425625871,-0.0009021076839417,10.023162841796877,-3.4607365131378174,0.0003210678696632,-0.0028015938587486,-3.4607365131378174
-0.000575129972865,-0.000902107800357,-3.319319009780884,2.3086538314819336,0.0008930936455726,-0.000834091566503,2.3086538314819336
-0.0052829031652425,-0.0009021076839417,9.651108741760254,-6.848352909088135,0.0002330765128135,-0.0011210400843992,9.651108741760254
0.0033457458376733,-0.0009021076839417,15.572532653808594,-3.314119815826416,-0.0003549680113792,-0.000868571398314,-0.0009021076839417
0.0019351422466856,-0.0009021076839417,-6.510344505310059,-6.294905185699463,0.0001869723200798,-0.0008147959597408,-0.0009021076839417
-0.005418531168421,-0.0009021076839417,6.056038856506348,10.372603416442873,0.0001118555665016,-0.0005324457888491,6.056038856506348
-0.0035570347867983,-0.0009021076839417,11.22635269165039,-13.365093231201172,-0.0002910420298576,-0.0007341418531723,-0.0009021076839417
-0.0031573080908301,-0.0009021077421493,-6.847108364105225,13.09102725982666,0.0005008056759834,-0.0006509850500151,-0.0009021077421493
0.0166220659027211,-0.0009021076839417,-22.653688430786133,-7.057122707366943,0.0006877407431602,-0.0013698729453608,-0.0009021076839417
-0.0026231093195948,-0.0009021076839417,-2.553353071212769,-9.914565086364746,0.0005138739943504,-0.0007862526690587,0.0005138739943504
0.0185812265065526,-0.000902107625734,2.5181655883789062,0.2709223628044128,-0.000713437795639,-0.0038401351775974,-0.000713437795639
0.0012827832851358,-0.0009021076839417,-20.05368995666504,3.877830982208252,-0.0002030506730079,-0.0001401901099598,-20.05368995666504
-0.0030632924638014,-0.0009021076839417,-4.397645473480225,-13.039514541625977,-0.0005333051085472,-0.0004967259592376,-13.039514541625977
-0.0059124798410848,-0.0009021076839417,11.112445831298828,3.2812321186065674,3.8176774978637695e-05,-0.001679936889559,3.2812321186065674
0.0019561517255572,-0.0009021076839417,5.926228046417236,-4.07505989074707,0.000725619494915,-0.0011332817375659,-0.0009021076839417
-0.0085244245286459,-0.0009021076839417,-10.760191917419434,-2.24489688873291,0.0011282935738563,-3.41762752213981e-05,-0.0009021076839417
0.0115534217612257,-0.0009021076839417,6.079601764678955,-13.0488920211792,0.0008309558033943,-0.001193314208649,6.079601764678955
-0.0032512495670412,-0.0009021076839417,15.420276641845703,1.995555400848389,0.0013925656676292,-0.0012379343388602,15.420276641845703
-0.0200398954507029,-0.0009021076839417,-5.397884845733643,-0.9696346521377563,0.0007115676999092,-0.0005154789541848,-5.397884845733643
0.0260934638711442,-0.0009021077421493,10.94394874572754,-7.729247570037842,0.0009025856852531,-0.0010403299238532,-0.0009021077421493
0.0016239794464051,-0.0009021076839417,14.43143367767334,-1.1677706241607666,0.0018861070275306,-0.0024189865216612,14.43143367767334
0.0184203261369261,-0.000902107800357,-6.72800874710083,-1.8859754800796509,0.0001880899071693,-0.0068842037580907,-6.72800874710083
-0.0194327546255216,-0.0009021076839417,8.414597511291504,-0.0262903906404972,-0.0001302137970924,-0.0009383539436385,-0.0001302137970924
-0.0081959604331506,-0.0009021076839417,-19.470273971557617,4.322514533996582,-0.0003423392772674,-0.0026418077759444,-0.0003423392772674
-0.0126947456454014,-0.0009021076839417,-15.637533187866213,2.272967338562012,0.0007159039378166,0.0005943638971075,-0.0009021076839417
0.009609915802988,-0.0009021076839417,-8.170049667358398,0.4556674659252167,0.0024870112538337,-0.0041734906844794,-0.0009021076839417
0.008770274126581,-0.0009021076839417,-0.8333045244216919,2.8422961235046387,0.0039486810564994,-0.0014333066064864,-0.0009021076839417
-0.0186287299800012,-0.0009021076839417,2.233711242675781,-0.748933732509613,0.0023885369300842,-0.0015399353578686,-0.748933732509613
0.0164425665758575,-0.0009021076839417,6.735832214355469,-2.272496223449707,0.0012183040380477,-0.0004380785685498,-2.272496223449707
0.0001963898717952,-0.0009021077421493,3.398172616958618,-0.3433195650577545,0.0021800845861434,-0.0015062887687236,-0.0009021077421493
-0.0085002712218116,-0.0009021076839417,4.678125381469727,-0.9966546893119812,0.001151718199253,-0.0046417568810284,4.678125381469727
0.0044993416123146,-0.0009021076839417,18.76142120361328,-1.1396428346633911,0.0016467943787574,0.0006755097419954,-0.0009021076839417
0.0047246925860101,-0.0009021077421493,-14.665865898132324,0.3078443109989166,0.002291239798069,-0.0009872801601886,-0.0009872801601886
-0.0016390104796044,-0.000902107800357,-27.56682777404785,-0.4538893401622772,0.0017410367727279,-0.000712881621439,0.0017410367727279
0.0003826374132107,-0.000902107800357,-6.314619064331055,-2.494741916656494,0.0011277422308921,-0.0011089512845501,-2.494741916656494
0.019611549240218,-0.000902107800357,-2.2175488471984863,4.859183311462402,0.0010467022657394,-0.002097088843584,-0.000902107800357
-0.0067304181037828,-0.0009021077421493,-0.4301933050155639,-0.6055359840393066,0.0010156109929084,-0.0031612564343959,0.0010156109929084
0.0104136712042106,-0.0009021076839417,-11.438556671142578,-0.921122670173645,-0.0001738294959068,0.0006511729443445,-0.921122670173645
-0.0017607385235751,-0.0009021076839417,18.50618362426757,0.4971278011798858,0.0005901381373405,-0.0018629722762852,-0.0018629722762852
0.0045768936559458,-0.0009021076839417,12.21691608428955,-0.2546359300613403,0.000690259039402,0.0002112101938109,0.0002112101938109
0.0050530002327885,-0.0009021076839417,15.371953964233398,-0.938246726989746,0.0007563978433609,-0.0013825874775648,-0.0013825874775648
-0.007170252179934,-0.000902107800357,13.92026424407959,-4.659793853759766,0.0011369884014129,-0.0010663596913218,13.92026424407959
-0.0037677459337227,-0.0009021076839417,-12.767494201660156,-1.3922183513641355,0.0012003630399703,-0.0036827833391726,-0.0009021076839417
0.0059047880626862,-0.0009021077421493,5.2291693687438965,-3.985151767730713,0.0022329911589622,-0.0065859518945217,-0.0009021077421493
-0.0099741147886237,-0.0009021076839417,-13.716304779052734,-2.831295251846313,0.0026023909449577,-0.0027348848525434,-13.716304779052734
0.0022634902059095,-0.000902107800357,8.210185050964355,2.842293262481689,0.0009149461984634,-0.0027714807074517,8.210185050964355
0.0029247812514551,-0.000902107800357,-17.799928665161133,1.4775691032409668,0.0010102838277816,-0.0006110977847129,-17.799928665161133
-0.0066382607671414,-0.0009021076839417,7.901026725769043,-0.4943936169147491,-2.425163984298706e-05,-0.0034521319903433,-0.4943936169147491
-0.0024454678045217,-0.0009021076839417,4.813427448272705,4.601484298706055,-0.0009182766079902,-0.0013047847896814,4.601484298706055
0.0102890848923009,-0.0009021076839417,-15.540332794189451,-2.178384780883789,-0.0001163855195045,-0.0014313771389424,-0.0009021076839417
-0.0086280081746716,-0.0009021076839417,-12.34148406982422,-0.05433314666152,0.0009019300341606,-0.0023062508553266,-0.0009021076839417
-0.0146644597505681,-0.0009021076839417,12.901426315307615,-1.5153300762176514,-0.0001441240310668,-0.0007634499925188,-0.0009021076839417
9.26123725042714e-05,-0.0009021076839417,-21.35733413696289,1.9317374229431152,-0.0001043602824211,-0.0039252853021025,-0.0009021076839417
-0.0018490841482122,-0.0009021076839417,-15.684430122375488,0.1554180681705474,0.0015621855854988,-0.0009495826088823,0.1554180681705474
0.0069016289006832,-0.0009021077421493,18.618030548095703,-0.7032192349433899,0.0011165887117385,-0.003227915847674,-0.0009021077421493
-0.0078089055467901,-0.0009021076839417,7.510231971740723,0.4893605411052704,0.0012329444289207,-0.0028854536358267,7.510231971740723
0.0101956515325467,-0.0009021076839417,-15.09285831451416,-1.059165358543396,0.0004147961735725,-0.0010688027832657,-0.0009021076839417
0.0031481142397277,-0.0009021076839417,-4.963089466094971,0.0860055536031723,0.0003303959965705,5.795298056909815e-05,0.0003303959965705
-0.0042730987269151,-0.0009021076839417,7.517820358276367,-3.063676118850708,0.0002536550164222,-0.00015544447524,0.0002536550164222
-0.0019409123825356,-0.0009021076839417,37.74260711669922,-0.1368065476417541,-0.0003116354346275,-0.0025530834682285,-0.1368065476417541
-0.0017440316481903,-0.0009021076839417,-14.340468406677246,-1.862987995147705,-0.0001529976725578,-0.001888973172754,-0.0009021076839417
0.0107665242353861,-0.0009021076839417,7.856532573699951,-2.192917585372925,0.0002113953232765,-0.0008967661997303,-0.0009021076839417
-0.0063255842341932,-0.0009021076839417,-8.057663917541504,-5.1895670890808105,0.0004352256655693,-0.0029854534659534,-8.057663917541504
0.0012915072663999,-0.0009021076839417,17.656095504760742,-1.3643957376480105,-0.0012435615062713,-0.0030660147313028,-0.0009021076839417
0.0087808906201959,-0.0009021077421493,-19.73759078979492,0.5798844695091248,-2.614408731460572e-05,-0.0024167557712644,-19.73759078979492
0.0095698114427309,-0.0009021076839417,8.741348266601562,-2.618140697479248,0.00123892724514,-0.0025285847950726,-2.618140697479248
-0.0132958626251832,-0.0009021076839417,17.319091796875,-2.442223310470581,0.000746376812458,-0.0016713780350983,17.319091796875
0.0234484436944016,-0.0009021076839417,-3.239454746246338,-2.6910324096679688,0.0003599226474761,-0.0008524835575371,-0.0009021076839417
-0.0186656162099838,-0.0009021076839417,7.775003433227539,2.132951736450196,0.0019051730632781,-0.0009842858416959,0.0019051730632781
0.0100953617233617,-0.0009021076839417,-7.329907417297363,-1.6929439306259155,0.0009115263819694,-5.267780215945095e-05,-0.0009021076839417
0.00056316458254,-0.0009021076839417,15.296895027160645,12.660319328308104,0.0013409182429313,-0.0026202292647212,0.0013409182429313
0.0101936216606594,-0.000902107800357,-11.962984085083008,-2.045482635498047,0.001570425927639,-0.0041327695362269,-11.962984085083008
-0.0102011351057138,-0.0009021076839417,13.744932174682615,-0.1997030079364776,0.0006875470280647,-0.0035517620854079,0.0006875470280647
-0.007199666147102,-0.0009021076839417,-4.611237049102783,-5.332447052001953,0.0001503527164459,-0.002397189149633,-0.0009021076839417
-0.0060442767374484,-0.0009021077421493,8.77151107788086,2.0252389907836914,0.0014531388878822,-0.0037719109095633,-0.0009021077421493
-0.0155988890694504,-0.0009021076839417,-27.3528995513916,-6.777061462402344,0.0025272294878959,-0.0022293254733085,-0.0009021076839417
-0.0046523854593849,-0.0009021076839417,9.17920207977295,4.164132118225098,0.002079389989376,-0.000751027604565,-0.0009021076839417
-0.0100484010400568,-0.0009021077421493,-6.780498504638672,13.055153846740724,0.0021237805485725,-0.0017080713296309,-0.0009021077421493
-0.0039869738942804,-0.0009021077421493,13.611696243286133,-2.8000802993774414,0.0017471835017204,-0.0011697418522089,-0.0009021077421493
-0.0011714630259344,-0.0009021076839417,-3.5095560550689697,5.076099872589111,0.0011845603585243,-0.0012650582939386,-0.0009021076839417
-0.0058632646788765,-0.0009021076839417,5.328212261199951,-3.4292140007019043,0.0007383674383163,-0.0006558301392942,-0.0009021076839417
0.0045723698408136,-0.000902107800357,-18.822784423828125,-9.13486385345459,0.0004108101129531,-0.0001860292250057,-0.000902107800357
0.0033402106021518,-0.0009021076839417,-18.265962600708008,4.009415626525879,0.0002118572592735,-0.0004561649402603,0.0002118572592735
0.0009971952931386,-0.0009021076839417,5.221828937530518,16.541912078857422,-0.0002289339900016,-0.0024196098092943,16.541912078857422
0.0023572269178309,-0.0009021076839417,10.82278060913086,3.632339000701904,-0.0009409636259078,-0.001034865854308,10.82278060913086
-0.0035374094299176,-0.0009021076839417,1.2108590602874756,3.660641670227051,-0.0006376728415489,-0.006411537528038,1.2108590602874756
-0.0156010764402179,-0.000902107800357,-15.452553749084473,-5.062221527099609,-0.0003420785069465,-0.0001095098559744,-0.000902107800357
0.0030260231883073,-0.000902107800357,11.657984733581545,2.420903205871582,0.0005566328763961,-0.0020834587048739,-0.000902107800357
0.0077526531555725,-0.0009021076839417,-13.429975509643556,-9.168533325195312,0.0021337866783142,-0.0001798590965336,-13.429975509643556
0.0051024948482294,-0.0009021076839417,23.499706268310547,-2.389552116394043,0.0023784860968589,-0.0007188968593254,0.0023784860968589
0.0077069404938362,-0.0009021076839417,7.690779209136963,-2.3521440029144287,0.0012181177735328,-0.0021063340827822,7.690779209136963
-0.0071323955280138,-0.0009021076839417,6.236152172088623,-1.8935158252716064,0.0006752684712409,-0.0023526872973889,6.236152172088623
0.0056282019423649,-0.0009021076839417,-8.858033180236816,10.060029029846191,0.0008710548281669,-0.0027584107592701,-0.0027584107592701
-0.0084415024111158,-0.0009021076839417,-0.2185723781585693,4.00949764251709,0.0013370290398597,-0.0031497946474701,-0.0031497946474701
-0.0024313069396367,-0.0009021076839417,-2.9786605834960938,-6.316145420074463,0.0008870884776115,0.0008200168958865,0.0008200168958865
0.0053888853408997,-0.0009021077421493,2.077749490737915,-3.4632322788238525,0.0009772256016731,-0.0035200722049921,-0.0035200722049921
0.008594215395047,-0.000902107800357,8.460917472839355,-11.906240463256836,0.0007425025105476,-0.0022236288059502,-0.0022236288059502
-0.0087759309793312,-0.0009021076839417,-4.846459865570068,-8.997482299804688,0.0004647895693778,-0.0022608479484915,-0.0022608479484915
0.0009108023746454,-0.0009021076839417,-2.457589626312256,-0.5088037252426147,0.000415876507759,-0.0003262172976974,-0.0003262172976974
0.0025477595578644,-0.0009021076839417,-0.7091355323791504,-0.0422797985374927,0.0004800334572792,0.0001546229468658,0.0001546229468658
0.0003640086973293,-0.0009021076839417,-6.002456665039063,-2.1228981018066406,-9.55238938331604e-05,-0.0029762999620288,-0.0029762999620288
0.0048102993086667,-0.000902107800357,7.5712199211120605,-0.3265652954578399,-0.0011666268110275,-0.0012413718504831,-0.0012413718504831
-0.0160804219762817,-0.0009021076839417,12.714933395385742,0.8939418792724609,-0.0013700202107429,-0.002056571887806,-0.002056571887806
0.0075602461248234,-0.0009021076839417,-0.5812981128692627,-2.811896562576294,-0.0022823885083198,-0.0005231805262155,-0.0005231805262155
0.0084063892324421,-0.0009021077421493,28.06333541870117,-0.1143601834774017,-0.0018260776996612,-0.0006684731924906,-0.0006684731924906
-0.0019828862258173,-0.0009021076839417,-18.93715476989746,-0.414677232503891,-0.0016907528042793,-0.0011194113176316,-0.0011194113176316
-0.0039582115645584,-0.0009021076839417,1.8239585161209104,0.554352879524231,-0.0018718168139457,-0.0002374270115979,-0.0002374270115979
0.0020536014011928,-0.0009021076839417,0.9655763506889344,-1.1673800945281982,0.0004739686846733,-0.0012803804129362,-0.0012803804129362
