,Actuals,Predictions
0,0.0007266309839886,-0.018306007608771324
1,0.0060488746412819,0.002022513886913657
2,-0.0238211536573503,0.0011202605674043298
3,-0.0079042354743637,-0.002276856452226639
4,0.0117224371462452,0.0015291812596842647
5,-0.0247572922057126,-0.004737159237265587
6,0.0073739620965734,0.0015239056665450335
7,0.0019083497102032,0.007580938283354044
8,0.0004766553431852,0.00610449630767107
9,-0.0026240604760582,-2.3149405024014413e-05
10,-0.0033175210217385,0.0017610130598768592
11,0.0037374408381105,0.004314241465181112
12,-0.0011725900041332,0.00095452117966488
13,-0.0134022974649528,-0.0007829185342416167
14,-0.0067315944406723,-0.0021772775799036026
15,0.0025363295610019,0.0002585160837043077
16,0.00646806625254,0.000759850547183305
17,-0.0051044368559599,0.009150168858468533
18,-0.0073885865776387,-0.0009510000236332417
19,0.0006817904385651,-0.006641327869147062
20,0.0036084764740978,-0.0016991831362247467
21,-0.004767289173889,-0.0034582039806991816
22,-0.0022665977162136,-0.0002878005907405168
23,-0.0072088240419942,0.0019172877073287964
24,-0.0006762574139792,-0.0014239134034141898
25,-0.0192003267524707,-0.003620247822254896
26,-0.0048801552145081,-0.0031332445796579123
27,0.0028761297770115,-0.0031419547740370035
28,-0.0024422870363138,0.0001484670356148854
29,-0.0099889183254249,0.0023232586681842804
30,-0.0240618139281589,0.004764293786138296
31,0.0199742327694446,-0.006555680651217699
32,0.0008779831940653,0.0002848141302820295
33,-0.001762543118098,0.006522845942527056
34,0.0165380380426691,-0.004107227083295584
35,-0.0109890485936311,-0.004040352534502745
36,0.0272706584088543,-0.0015782741829752922
37,0.0099192692113351,-0.0023420981597155333
38,0.0058207216661035,-0.0006335846264846623
39,-0.019617005104496,-0.0027917877305299044
40,0.0097883064463604,-0.004282128531485796
41,0.0045840192079575,-0.004704528488218784
42,0.0036806957193253,0.006136963609606028
43,0.0034634384927869,-0.006832640152424574
44,-0.006971951203079,-0.00044974166667088866
45,-0.0027706979468898,0.0005567425396293402
46,-0.0076476941990259,-0.00231861206702888
47,-0.0108046257632905,-0.0009135828586295247
48,0.000227544875869,-0.00011583093873923644
49,-0.0168718160846281,-0.0027946773916482925
50,-0.0049405171060863,0.006472919601947069
51,-0.0018014373188373,-0.002839659573510289
52,-0.0065730036842264,0.01018865779042244
53,-0.0029338128952602,-0.003750229487195611
54,0.0087443812329887,-0.0026114352513104677
55,-0.0097417379048859,-0.0014966462040320039
56,0.0042572806824777,0.005773609969764948
57,-0.0028997824695137,-0.00220941798761487
58,0.0008879226682524,-0.002844639588147402
59,0.0033267138028673,-0.002739572897553444
60,-0.0172642490931439,-0.0019287565955892205
61,0.0220785386953138,-0.0032323237974196672
62,0.0275545530186432,0.0018703893292695284
63,-0.0159250654104431,0.006778296083211899
64,-0.0237551609073855,-0.008449730463325977
65,-0.0051122368005246,-0.0018301047384738922
66,-0.0059761057091613,0.0008641654858365655
67,-0.0013259971998013,0.007647666148841381
68,-0.0168030542543069,0.011111019179224968
69,-0.004355417485071,-0.005612676963210106
70,-0.0073418298964678,0.0003982962225563824
71,0.0081074730547831,-0.003037405898794532
72,-0.0075268489058299,-0.010511854663491249
73,0.0065775804427201,-0.0018847010796889663
74,0.002973017396364,-0.0023392620496451855
75,0.006584565871587,-0.003039923030883074
76,0.0055544141978773,-0.0005801593069918454
77,0.0051679128093577,-0.0018638470210134983
78,-0.0047332448982321,-0.0026039474178105593
79,0.0115780643780882,0.0038471492007374763
80,-0.0030316021811015,-0.004296196158975363
81,0.0062513670908143,-0.001672880258411169
82,-0.0313641054436426,-0.0009753630729392171
83,-0.006457016957486,0.002161044394597411
84,0.001862971435096,0.010105310939252377
85,0.0033208768451363,-0.0023776860907673836
86,-0.0091551938022521,0.00016172575124073774
87,-0.0002062785492345,0.0006565642543137074
88,0.0055796747503457,0.00025578992790542543
89,0.0002079085361089,0.0047038234770298
90,0.0049688999494926,0.0010674066143110394
91,0.002079914413684,-0.0023060909006744623
92,-0.0018726622974653,0.003250899026170373
93,-0.0082987075695067,-0.0008936758385971189
94,-0.0086401597134698,0.0018463986925780773
95,0.0107898776633083,-0.0031139289494603872
96,0.0059548441680526,0.008070369251072407
97,0.0002072190991337,-0.0006058855797164142
98,0.0066252525854841,0.002533941762521863
99,-0.0022963839697345,-0.0003975112922489643
100,-0.0016712311017289,0.00031923531787469983
101,-0.0065030708034086,0.0009291436290368438
102,0.0018722727929949,-0.000907287874724716
103,0.0201956575194411,0.0008994746604003012
104,-0.0023408553250745,0.0019074872834607959
105,0.0012701391015904,0.005880758166313171
106,-0.0025375117268261,-0.005701170302927494
107,0.0175989977088637,0.003088657045736909
108,0.002348433176627,-0.0038347975350916386
109,0.0121925068411598,0.008409768342971802
110,0.0021561510676011,-0.0007362737087532878
111,0.0062716458693901,-0.0005576055264100432
112,-0.0010905791367916,-0.0014005444245412946
113,-0.0052366976692308,0.0006199742201715708
114,0.0139951759469696,0.001589848194271326
115,-0.0191664950038687,-0.0022100864443928003
116,0.000440538702455,-0.004507878795266151
117,-0.0017640977672874,-0.008022896945476532
118,-0.033596810464165,-0.005778720136731863
119,-0.0040347977509729,0.00026236538542434573
120,0.0023226479926929,0.005346835125237703
121,0.0008433673892045,0.0037394585087895393
122,-0.0111837684347522,-0.0007776978891342878
123,-0.0024958179557984,-0.0026874972973018885
124,0.0102125441526566,-0.0019363218452781439
125,0.0029573170510601,0.0030923308804631233
126,-0.0006343043230036,-0.00421766797080636
127,-0.0111837684347522,-0.005260857753455639
128,0.0190257919145329,-0.0010713180527091026
129,-0.0097581478665373,-0.0027508693747222424
130,-0.0071881640184361,-0.0031916904263198376
131,0.0060950169055702,-0.003531977068632841
132,-0.0113971525676784,0.0049367849715054035
133,-0.0089977044766297,-0.00103659532032907
134,-0.0016539556092888,-0.00042127256165258586
135,0.0073982863025161,-0.001352451741695404
136,0.0234732256427539,3.1594685424352065e-05
137,0.003605556270221,-0.003277067793533206
138,-0.0164004354686077,0.004348743241280317
139,0.0114583174387612,0.007001354359090328
140,0.0014755416705431,-0.0003057914727833122
141,-0.0058602469892791,0.002341045532375574
142,0.0060265400512701,-0.003932204097509384
143,-0.0083699038191832,-0.0014986017486080527
144,-0.0077389441802329,0.0033599273301661015
145,0.002265718065503,-0.0006880086148157716
146,0.0156187184770908,0.007787243463099003
147,0.034398583445239,0.006266693118959665
148,0.0178308895903173,-0.016688983887434006
149,-0.0061820702722373,0.005326129030436277
150,-0.0082626987996715,0.0020540247205644846
151,0.0159496770596683,0.003490762086585164
152,0.00234785057069,0.003620325354859233
153,0.0010654003139871,-0.00024246108660008758
154,0.0012751872383983,-0.004584586247801781
155,-0.000210004650389,-0.0069697825238108635
156,-0.0119975485089239,6.905517511768267e-05
157,0.0263268307597544,0.001736626261845231
158,-0.0172230787649433,0.0015016277320683002
159,0.0202971584457108,-0.0009481053566560149
160,0.0402899039820121,-0.010027430020272732
161,-0.0194733590364643,-0.003700494533404708
162,0.0008680753892763,0.0033040286507457495
163,-0.0219136107222706,0.00197634962387383
164,0.0025477481055693,0.0014542222488671541
165,0.0033883914289682,-0.0020070215687155724
166,0.0151418019559498,0.002908624242991209
167,-0.0117340484605806,0.00013602392573375255
168,0.0012825472458178,-0.0019959178753197193
169,-0.0006440270098245,-0.002151649910956621
170,0.0411311476240434,-0.004745194688439369
171,0.0069382580835636,0.0012242322554811835
172,0.0177847170957874,0.0038007409311830997
173,-0.0052535301199024,-0.0131613127887249
174,0.0056637970878318,-0.009460339322686195
175,0.0020417456635512,-0.00020635548571590334
176,-0.0112307552549574,0.0005047923768870533
177,-0.003414557815544,0.002305713715031743
178,-0.0142501941000152,3.014077083207667e-05
179,-0.0067129796593573,0.004535244777798653
180,0.0019951263881659,-0.006620827596634626
181,0.0015517555725361,-0.0028779911808669567
182,-0.0028914828906242,-0.0067332531325519085
183,0.0099622972433849,-0.00031704362481832504
184,0.0046822539936945,-0.00272366707213223
185,0.0134228697668349,-0.000687355874106288
186,-0.0004538338530103,0.0011706231161952019
187,-0.0002264625410566,-0.0001516850752523169
188,-0.0004524990366164,0.002618406666442752
189,-0.0029378772455422,-0.0011613742681220174
190,0.0051778377243861,0.00018134187848772854
191,-0.0027185984038076,-0.0009269785950891674
192,0.0022501907563289,0.00017747348465491086
193,-0.0013519052985524,-0.0035700027365237474
194,-0.0047148423923684,0.0019017088925465941
195,-0.0067038935655988,0.0006887062918394804
196,-0.0102085901121459,0.0021744337864220142
197,-0.0096216626090843,0.003633253276348114
198,-0.0062742772213552,0.0021741969976574183
199,-0.0079365670325866,4.898537099506939e-06
200,0.0064089519965063,-0.001316222595050931
201,0.0030049235713656,-0.0010333789978176355
202,-0.0071444434047647,0.003462674096226692
203,-0.0053740326212372,-0.0014387810369953513
204,0.0023564826399405,-0.0034974105656147003
205,0.0100642658035268,-0.001378538552671671
206,0.0008684523303236,0.0023307292722165585
207,0.0026104577636598,0.00702379085123539
208,-0.0061055118964318,-0.0003151960554532707
209,-0.0019582279021039,-0.003915710374712944
210,-0.0205939896150594,0.0011475326027721167
211,0.0019153043067273,-0.004634329583495855
212,-0.0224071537213893,0.0032845435198396444
213,0.0119145814999722,0.003928751219063997
214,-0.0043823645073931,0.006569580174982548
215,-0.0053752768652448,-0.002070276765152812
216,0.0030928149665754,-0.0006749839521944523
217,-0.0022689895088741,0.002252103528007865
218,0.0030928149665754,0.0009487825445830822
219,-0.0099071111388609,-0.00019518168119248003
220,-0.001430608918611,0.0007012389833107591
221,-0.0038743601786685,0.0015470209764316678
222,0.0006124227998817,0.0005623632459901273
223,-0.0174932799228612,0.0005810455186292529
224,-0.0004047903329704,0.005948476027697325
225,-0.0083130545407351,0.0006563595379702747
226,-0.0042210871250784,-0.0016244809376075864
227,-0.0050190723370276,0.002459840150550008
228,-0.0027860575054414,0.0021971960086375475
229,-0.0041766687404215,0.0008530549239367247
230,0.0011881460057626,-0.0014040867099538445
231,-0.010117007004105,0.001348451478406787
232,0.0011703017896486,0.0010350611992180347
233,0.0078170358705307,-0.0031681957188993692
234,-0.0019680864282294,-0.007771636359393597
235,-0.0013831198178231,-0.000631599104963243
236,-0.0098931537582617,0.004600964952260256
237,-0.0054815733997615,0.001284031430259347
238,-0.0149922205726857,-0.0012238790513947606
239,0.0051645077289212,0.0032312553375959396
240,-0.0057692160973181,-0.0033604251220822334
241,0.0036475067412636,0.0011000282829627395
242,-0.0050096014236831,-0.0006174671580083668
243,0.0117217640203683,-2.3921513729874277e-06
244,-0.0033035753336004,0.0010362726170569658
245,0.008714189935286,0.0002229467936558649
246,0.000777548637206,-0.0018727725837379694
247,-0.0097484888101968,8.679751044837758e-05
248,-0.0023269135659275,-0.005780798848718405
249,-0.0058004491488771,0.00044667746988125145
250,-0.000772367538525,-0.003844329621642828
251,-0.0027053022154288,-0.0006224606768228114
252,-0.0050270362605701,-0.00012130747927585617
253,-0.0075202349606335,0.0010337450075894594
254,0.0036503098846099,0.000654743576887995
255,-0.0073203827630944,-0.0035168202593922615
256,0.0066375588310169,0.001616247813217342
257,0.0,0.0016221548430621624
258,-0.0020984474283467,-0.00250626215711236
259,-0.0062905420666004,-0.001412581535987556
260,-0.0007575931080556,-0.0002729544066824019
261,-0.0005667282729963,0.000131881344714202
262,-0.0119092104961428,0.00028182397363707423
263,0.0020614806801598,0.0013377877185121179
264,-0.0020869021487797,-0.0024424721486866474
265,-0.0003794433335432,-0.0021067089401185513
266,0.0034032956561352,-0.0031907279044389725
267,-0.0045583638521181,0.00013470277190208435
268,-0.0005676933748417,-0.0014586611650884151
269,-0.0003743301076069,-0.0005458166124299169
270,0.001501254075441,-0.0011891579488292336
271,-0.0294444472701461,-0.0025042411871254444
272,0.004133034153227,0.0022028260864317417
273,-0.0023402532835411,0.004713048692792654
274,0.0025121010371143,-0.000784697534982115
275,0.0023293507420955,3.272736648796126e-05
276,-0.0032298637476096,0.0006820142734795809
277,-0.0005363629381941,-0.002422911114990711
278,0.0008928435189382,0.0027814554050564766
279,0.0037560201224428,0.0004037122998852283
280,-0.0062734982681042,-0.00010689633927540854
281,-0.0016042808384284,-0.00020852396846748888
282,-0.0042772743033129,0.00013987321290187538
283,0.0028393939972435,-0.0009459605207666755
284,-0.0115968159630075,-0.002645046217367053
285,-0.0101754707202576,-0.0031495005823671818
286,0.0125043625878247,0.0002080473059322685
287,-0.0042230838648043,-0.001642088871449232
288,-0.0001747958286685,-0.0023596943356096745
289,-0.0047054801801617,0.002080342033877969
290,-0.0048577165555482,0.005911799613386393
291,-0.005515334234738,0.00018929815269075334
292,-0.0118049378563308,0.004247868899255991
293,0.0072795041035603,-2.4681681679794565e-05
294,-0.011073214697333,0.0017456596251577139
295,0.0021870332506964,-0.0010429180692881346
296,-0.008233938704204,0.0021755066700279713
297,0.0051640440595954,-0.005405121482908726
298,0.013083817514944,0.0006683406536467373
299,0.0021841577136323,0.00015231721044983715
300,-0.0010076848785889,0.001419144682586193
301,-0.0021800645830858,0.0018955562263727188
302,0.016034726935019,0.004409804940223694
303,0.0262395150258062,0.002060028724372387
304,-0.0087138374118617,-0.0014152918010950089
305,0.0022371548227462,-0.0016837737057358027
306,-0.0066029726003979,-0.008154520764946938
307,0.0025826708186965,-0.0013479621848091483
308,-0.0228443488229345,0.002422870369628072
309,-0.0033512192010178,0.0009336054790765047
310,-0.0003331743823152,0.003962451126426458
311,-0.0113333384195963,0.000666784995701164
312,-0.011535938685217,0.00017014190962072462
313,0.0065168054564711,-0.00039454089710488915
314,0.0037754358035022,0.0014557670801877975
315,0.0011486658418391,-0.000268393661826849
316,0.0106890562604789,0.000375193078070879
317,-0.0021519792822976,0.0004977239877916873
318,0.008884453959779,-0.0014189749490469694
319,-0.0049660526041765,0.001394253340549767
320,0.0046326734887308,0.001252709305845201
321,-0.0056310060711053,-9.292199683841318e-05
322,0.001154729397189,-0.0023663039319217205
323,0.0115748138687068,-0.003875208320096135
324,-0.0080605010098686,-0.0028600418008863926
325,0.0009778580947551,-4.997895302949473e-05
326,-0.0135444165729178,-0.0011019607773050666
327,-0.0016103428546787,0.00012953141413163394
328,0.0038474138242597,-0.001348536228761077
329,-0.0017645269503099,0.00026987609453499317
330,-0.0084786851419825,-4.674255251302384e-06
331,0.0034981908544801,-0.0005294953007251024
332,0.0014326671923768,9.33994961087592e-05
333,0.0141314607195508,0.00045111210783943534
334,-0.0027846353115002,0.0025854369159787893
335,0.0204412448736136,-0.00045073943329043686
336,-0.0054635431791508,-0.0009297298965975642
337,0.0049358217026279,-0.00037700924440287054
338,0.0027924109832451,0.004710507579147816
339,0.0196078209529778,0.000773123640101403
340,-0.0082910607634171,0.002899823011830449
341,-0.0020080781451225,0.0029754710849374533
342,0.0018382454891556,-0.002451974665746093
343,-0.0010057219819723,-0.00011463329428806901
344,-0.0050234298547961,0.0010764077305793762
345,-0.0008380696813345,0.0001451213756809011
346,-0.0036900574412031,0.0003279107913840562
347,-0.0026635566543193,0.003477881895378232
348,-0.0101345842211214,0.001856130314990878
349,-0.0059016493500256,0.0008967808680608869
350,0.0034409157573814,0.0021229705307632685
351,-0.0024703179869254,-0.0008360916981473565
352,-0.0052640185886637,-0.002993928035721183
353,-0.0185185358839416,-0.0020591826178133488
354,0.0088709554364604,0.0002552811347413808
355,0.0029178198927345,0.001192128867842257
356,0.0045315194990356,0.0020293814595788717
357,0.0,-0.0005613701650872827
358,0.0001627860929871,0.003446497255936265
359,-0.0029363834815018,5.086039891466498e-06
360,-0.0042085163704732,-0.002702003577724099
361,-0.0019320388134847,0.001048063626512885
362,-0.003064988249145,-0.00031514762667939067
363,-0.0036918065016524,-0.00034942111233249307
364,-0.0031928602312935,0.00016964667884167284
365,-0.0055617109871888,-0.0008637107675895095
366,-0.0102152711027905,-0.0018753621261566877
367,0.0038819874856608,0.0005990981590002775
368,-0.0071706792444438,-0.0009481310262344778
369,0.0006215182589807,-0.001703995862044394
370,0.002339752370158,-0.0005753497825935483
371,-0.0037458695943918,0.0017723097698763013
372,0.0040448372925952,0.00024379414389841259
373,-0.0020264575265137,-0.0004724349710159004
374,0.012926304753026,-0.0006805306766182184
375,-0.0004725705657402,-0.00044167478336021304
376,0.0118091642232921,3.036928319488652e-06
377,0.0054088474274037,0.0009220388019457459
378,0.002555091825954,-9.637455150368623e-06
379,-0.0009634132059578,0.0028063906356692314
380,-0.0073847981652217,-0.0032941331155598164
381,-0.0038143942379396,0.0006938184378668666
382,0.005558238558574,0.0015578806633129716
383,-0.0025502047040433,-0.0005738463369198143
384,0.0004782051831603,-0.0012200420023873448
385,-0.0046311229714775,-0.00030809323652647436
386,0.0253766612764782,0.00030527307535521686
387,-0.0055401687877697,0.0010847755474969745
388,-0.0045358623258258,-0.0028867539949715137
389,-0.008385751843878,-0.0031688008457422256
390,-0.0036747010972298,-0.001306468853726983
391,-0.0119236881050222,-0.0024324243422597647
392,-0.0051894639969423,-0.0020266142673790455
393,0.0009389886049802,-0.0011400316143408418
394,0.0073506008148322,-0.0015516247367486358
395,0.001883518028711,0.00153886410407722
396,-0.0058039646522671,0.0011988445185124874
397,-0.0032740736899125,-0.00033016729867085814
398,-0.0180264950141412,0.00119860062841326
399,-0.006198691049832,0.0019933748990297318
400,-0.0113951006459726,0.0026354677975177765
401,0.0122380758474061,-0.001765050576068461
402,0.0053995445197301,0.000488442019559443
403,0.0061919742310697,-0.000930421578232199
404,-0.0004684381459714,0.003190436866134405
405,-0.0159674458470349,0.003595104906708002
406,0.0113670949479929,-0.001567326718941331
407,0.0018622399446858,-0.002537720836699009
408,-0.0069294261060155,0.0025151418522000313
409,0.0156777848346487,-0.0005431555327959359
410,-0.0113048367235864,0.001726493937894702
411,-0.0062441701705192,-3.5374381695874035e-05
412,-0.0001551701019669,-0.0009451601654291153
413,-0.0065045403582211,-0.0007102960953488946
414,0.0120631387228209,0.0015923676546663046
415,0.0020309492856843,-0.0007049011765047908
416,-0.0006229701930803,-0.004326908849179745
417,0.0041983618926499,-0.0030146921053528786
418,-0.0006242339947618,0.0011995933018624783
419,-0.0077833128366586,0.0009434452513232827
420,-0.0183472468425527,-0.0003627352125477046
421,0.012424237800367,0.00016060307098086923
422,-0.0052154674820916,-0.0018729367293417454
423,-0.0007639886995426,0.00037921243347227573
424,0.0205792455110141,-0.0023898484650999308
425,0.00187095022956,-0.00242000469006598
426,0.0043749809265137,-0.0020841029472649097
427,0.0007865225310771,-0.00123783596791327
428,-0.0051789363580155,0.0010885236551985145
429,-0.0037558350240779,0.0028824706096202135
430,-0.0003110381518375,0.0004375183198135346
431,-0.0054372915828355,0.004887167364358902
432,0.0020028481817571,-0.001068497309461236
433,-0.0039957297902239,0.0012747298460453749
434,0.0006107942713718,-0.0021876483224332333
435,-0.0027439071549183,-0.0014173219678923488
436,0.0094068079522572,0.008611147291958332
437,0.0146587130216374,-0.0004062676744069904
438,-0.004812879071083,0.0034302985295653343
439,-0.0027760690213147,-1.8498740246286616e-05
440,0.0033846341646634,-0.0022831838577985764
441,0.0009236077499897,-0.003475089091807604
442,0.0070660383295634,0.0017435286426916718
443,-0.0163413813118264,-0.003190327202901244
444,-0.0093167291900147,0.0007095094188116491
445,0.0033507536361335,-0.00023432422312907875
446,-0.0084548373754482,0.0013914848677814007
447,-0.0014454824180393,0.0025014220736920834
448,-0.0007211224728525,-0.0017054066993296146
449,0.009265953271698,-0.0025730098132044077
450,-0.0001461232531247,0.003197086276486516
451,0.0040805362501293,0.004628960974514484
452,0.0121168150518932,-0.0016335430555045605
453,-0.002646285122893,-0.0012585874646902084
454,-0.0128805219166977,0.0003364064614288509
455,-0.0093714175340116,0.0014804635429754853
456,-0.0024275049537137,0.00037270598113536835
457,0.007132667772947,-0.0010452843271195889
458,-0.0034334457586625,-0.004041100852191448
459,-0.0078014617270611,-0.0030490648932754993
460,-0.0106294005067198,0.002751980908215046
461,-0.0025045262042144,-0.0032298294827342033
462,-0.003075649719804,0.0020248964428901672
463,0.0009708695742809,-0.00039239285979419947
464,-0.0053175496902956,-0.00040722868288867176
465,0.0159345471145204,0.0015038540586829185
466,0.0412642646464511,0.0012240225914865732
467,-0.0370197109896626,-0.0012469262583181262
468,0.0139891735591914,0.0012204399099573493
469,0.0456140585700036,0.0026529154274612665
470,-0.0164374441805849,-0.00022732370416633785
471,-0.0041711204860842,-0.0023613274097442627
472,-0.0024817128848364,-0.005300442222505808
473,-0.0262667475535896,-0.002489053411409259
474,0.0016529016575102,-0.0015432474901899695
475,-0.0003016780756667,-0.0009131039259955287
476,-0.0041941098013373,-0.00271646399050951
477,0.0005961140008323,-0.0019709854386746883
478,0.0001483116231966,0.014084487222135067
479,-0.0137920851396526,0.0003384737065061927
480,-0.0081656101435122,0.0019683230202645063
481,0.0066521919641679,0.008547845296561718
482,0.0151097034412414,-0.0005465979338623583
483,0.0190828542107317,2.1318210201570764e-05
484,-0.0097501431383219,0.0006019565626047552
485,-0.013954166004654,0.002445240505039692
486,0.0001491272356992,-0.00435817101970315
487,-0.0078194983919759,0.0031999140046536922
488,-0.0092262317669382,0.006604138761758804
489,-0.008048040404311,0.0005337316542863846
490,0.0066705204550419,-0.0002781116054393351
491,0.0088791941404471,0.0019485697848722339
492,0.016230452116652,-0.003759056329727173
493,-0.0017784958502517,0.005028888117522001
494,-0.001327379555159,0.0005871207104064524
495,0.0153392458512638,-0.005830059759318829
496,0.0,0.007014602888375521
497,0.0070222802713296,-0.0003768460301216692
498,0.0056127901617842,-0.003104118863120675
499,0.019221999657812,-0.0004356738645583391
500,0.0133839886451401,-0.006809201557189226
501,0.0179944360097114,0.004384426400065422
502,-0.0130841745672102,0.0019342703744769096
503,0.0229512924490849,-0.0022800301667302847
504,-0.005023483144338,-0.003978667315095663
505,-0.0181790289454484,0.0021048784255981445
506,-0.0107990890394599,-0.00027314183535054326
507,0.0167744523080091,-0.0030252200085669756
508,-0.0046519314885317,-0.006863509304821491
509,-0.0136273070420797,0.005683123134076595
510,0.0085495810472327,0.0008053559577092528
511,-0.0065809661658402,7.197175727924332e-05
512,0.0055983528172081,-0.0018863738514482975
513,0.0010548477121818,0.001778364647179842
514,-0.002699464672345,-0.0016270499909296632
515,-0.0055348205688481,0.001415864797309041
516,0.0017883028303462,0.0011827718699350953
517,0.0001490382821324,0.00286276638507843
518,0.0019313216183794,0.00023417774355039
519,0.016356854633771,0.00023771956330165267
520,-0.0094081199215759,-0.00037631444865837693
521,-0.0229465030231001,-0.00249096448533237
522,-0.0024271582913076,2.099770790664479e-05
523,0.0096893744972758,-0.005532233044505119
524,-0.0096430359322723,0.00027747807325795293
525,-0.0075822427428796,-0.002219169167801738
526,0.001860026535316,-0.004293261561542749
527,-0.0144133761831583,0.0015640640631318092
528,0.0026941976893925,-0.0017892189789563417
529,0.0099786822866779,-0.0032399690244346857
530,0.0034502281798869,-0.00256722723133862
531,-0.0090038193858364,0.0016516169998794794
532,-0.0009936082023627,-0.004357346799224615
533,-0.0115072817959544,-0.002257958985865116
534,0.0026897288087193,-0.006204443983733654
535,-0.0044014987540894,-0.001949953380972147
536,0.0031042925381251,-0.001209593378007412
537,0.001979069746624,-0.00013817935541737825
538,-0.0130673082633515,-0.0017922818660736084
539,0.0059598100635043,-0.000947242951951921
540,-0.0116051715605769,0.001420019892975688
541,-0.0008293737284561,-0.0035162894055247307
542,-0.0013806223070517,-0.0003900006995536387
543,0.0027804385846472,0.0005091236089356244
544,0.002913416747198,-0.0009448507917113602
545,0.0115808825486244,-0.0016781293088570237
546,-0.0180646018761834,-0.00018021608411800116
547,-0.0195108297988766,-0.003302845638245344
548,-0.0016185965412725,0.0009215861791744828
549,-0.0131897131532605,0.003546317806467414
550,0.0123538831064851,-0.004349593073129654
551,-0.0060540419367268,-0.004902202170342207
552,-0.0044082531173405,-0.00025987508706748486
553,-0.0042649566843991,-0.006588544696569443
554,0.0111375809902433,-0.0011525806039571762
555,-0.0051987074979296,-0.0006919851875863969
556,0.0013276483606777,0.00041082585812546313
557,0.003754341276783,0.0006324510322883725
558,-0.0067870233803095,5.7834382459986955e-05
559,0.0106584037540902,-0.004701521713286638
560,-0.0024469862853435,-0.0018900256836786866
561,-0.0041885900506142,-0.0012083925539627671
562,0.0063462224709267,-0.004689089488238096
563,0.0063850185682109,-0.0025245400611311197
564,0.012253150903717,0.0005329387495294213
565,-0.0173697562769229,0.00032911475864239037
566,-0.0002708838139943,-0.0008724849903956056
567,-0.0049053088069971,0.0024832466151565313
568,0.0085481313365643,-0.003788998816162348
569,-0.002853739968989,-0.0032445956021547318
570,-0.0066324514263756,-0.002527364995330572
571,-0.0009383337299733,-0.003571384586393833
572,0.004402372399749,0.0014890473103150725
573,0.0,-0.002728197956457734
574,-0.0002674778289863,-0.002033654600381851
575,0.0002674367866949,-0.002360692946240306
576,-0.0125982160528374,0.0006885285838507116
577,0.001336979938977,0.0003091217076871544
578,-0.0018766674599463,-0.0001409771793987602
579,-0.0037473069422178,-0.003032595617696643
580,0.0007999674479167,-0.002494128653779626
581,-0.0057249407759493,-0.0028460302855819464
582,-0.0153948730670217,0.00017877436766866595
583,-0.0380227695679029,-0.002113236580044031
584,0.0214246686814598,-0.002937696874141693
585,0.0039084140380008,0.0008398990612477064
586,-0.0093340509938621,0.0002790536673273891
587,-0.004002220800324,-0.0031308026518672705
588,0.0027609686760916,-0.0012396597303450108
589,-0.0011069853987928,-6.605668750125915e-05
590,-0.0037369777587046,0.000791624654084444
591,0.0002755877031315,-0.0012146150693297386
592,-0.0033135146038702,0.0035942979156970978
593,0.0116565893508632,-0.0007962263189256191
594,0.00625430114425,0.0002444172860123217
595,0.0096638995330575,0.0015847651520743966
596,-0.0004244309446427,0.001968230353668332
597,-0.0114991131533182,-0.0002102760481648147
598,0.002647273525128,-0.0008345542009919882
599,-0.0096706721256135,-0.002722595352679491
600,-0.0015258789837633,-0.0011941618286073208
601,0.0114530401141701,0.0010962181258946657
602,-0.0096571374510495,0.0023679803125560284
603,0.0030470027784946,-0.0030252502765506506
604,-0.0016612918677925,-0.0026398233603686094
605,-0.0052342271459958,-0.002220143098384142
606,0.0012304028080342,-0.00019305641762912273
607,-0.0090040382706234,-0.00036271385033614933
608,-0.0018980393925405,-0.001998055726289749
609,-0.0093648539433811,0.0009050608496181667
610,0.0001337183933475,0.0006022746674716473
611,0.006971399230412,0.0011635266710072756
612,-0.0077079069418104,0.0028836873825639486
613,-0.0029580957803408,-0.0021312227472662926
614,-0.0006681327392381,-0.0012805231381207705
615,-0.0140337216792377,-0.0018886247416958213
616,-0.0027678802803537,0.0011834033066406846
617,-0.0119390713479504,0.0013317540287971497
618,-0.0067384253569956,-0.006198484916239977
619,0.0052936868801795,0.0014839277137070894
620,-0.002726198725179,-0.0004974197945557535
621,-0.0031007475327929,-0.001524965395219624
622,0.0026957519943424,-0.0026336570736020803
623,0.0061656485156981,-0.0007403141353279352
624,-0.0046517717171571,0.0013672582572326064
625,0.0050096261694607,-0.001544993370771408
626,0.0072295063931391,-0.0004591266915667802
627,0.0064850844344416,0.0012558053713291883
628,-0.0066596303818464,-0.0014585062162950635
629,-0.0038710071194556,-0.00015198516484815627
630,0.0042508593756987,0.0021126880310475826
631,0.0191238627627774,-0.0014283551136031747
632,0.0173371837072637,-0.0018327876459807158
633,0.0009427568326494,0.0009773873025551438
634,0.0075788004225129,-0.0031895413994789124
635,0.0004108858843874,-0.0020315314177423716
636,0.023322773528293,0.00023462936223950237
637,0.0105752963813301,-0.00029395573073998094
638,0.0004208583026182,0.00038418700569309294
639,0.0046347502219703,-0.002917188685387373
640,-0.0127011221863782,0.000393063499359414
641,-0.0141397470518739,-0.0027690280694514513
642,0.0250414719031814,0.0001315944828093052
643,0.0168436293801119,0.0008665053173899651
644,0.0063346162857149,0.0010137716308236122
645,-0.0138663877963002,-0.0038075344637036324
646,0.0194683122423015,0.003795793978497386
647,-0.0020679379019096,-0.0014632767997682095
648,0.0017852238084321,-0.0021753315813839436
649,0.0162876094717335,0.002737445989623666
650,-0.0214222317056837,0.0017913528718054295
651,0.0046178490294663,-0.0007561836391687393
652,-0.0070253651477738,-0.0020608045160770416
653,0.0240150494629305,0.0017635613912716508
654,-0.0012816698718599,0.00036717523471452296
655,-0.0194471080156463,0.001382826711051166
656,0.0065706849339266,-0.0027388434391468763
657,-0.0099620056403712,-0.00116020068526268
658,0.0043914489753415,-0.00047443422954529524
659,0.0296342574734304,0.0006179188494570553
660,-0.010096109583534,-0.0006632324657402933
661,-0.0074179484876194,0.0017731805564835668
662,-0.0381643587677968,-0.002267097355797887
663,-0.0160403768170367,0.0003023700846824795
664,0.024309765327424,0.0035640450660139322
665,0.0069626638923984,0.0060865553095936775
666,-0.014867571457486,0.008643866516649723
667,-0.007851018217646,-0.0033228660468012094
668,-0.0013659731084971,-0.0029524676501750946
669,-0.0042630751826413,-0.001192928059026599
670,-0.0273684164635218,-0.001992924837395549
671,-0.0008828363655386,-0.00037325287121348083
672,-0.0100191583565248,0.0026804849039763212
673,-0.0039169685459311,0.0030970999505370855
674,0.0266280228440196,0.001393705839291215
675,-0.0066315365715926,-0.003326596925035119
676,0.022549610278075,0.001694906735792756
677,-0.0075397062512789,-0.0033834967762231827
678,-0.0019679819500021,-0.0003482142637949437
679,-0.0004479435381524,-0.0003284182748757303
680,0.0010444598378157,0.0018854303052648902
681,0.008750782162595,0.0004640182014554739
682,0.0176001524477818,-0.00071868667146191
683,-0.0041641623644441,-0.005188234616070986
684,0.0207919360068677,0.00045160268200561404
685,0.0216950116477169,-0.0027094311080873013
686,-0.0023904625638074,0.005190507508814335
687,0.0164852558713704,0.003994413651525974
688,-0.0387106496594854,0.0018674723105505109
689,-0.0326034938636489,0.0015581039479002357
690,0.0095686100920302,0.0048085530288517475
691,-0.003506683484913,0.0028574548196047544
692,0.0106060143673059,0.0005656888824887574
693,0.0083050340512498,0.0010213323403149843
694,-0.0210348964280071,-0.0013312606606632471
695,0.0006041521836649,-0.005770404357463121
696,0.009902530337574,-0.0007164454436860979
697,-0.011605189000287,-0.001719631371088326
698,-0.0061284906332363,-0.006143578328192234
699,0.0013453507508566,0.0021095650736242533
700,0.003015635542257,0.006196704693138599
701,-0.0136575671562509,0.0010711840586736798
702,-0.0127596526837074,-0.0021540923044085503
703,-0.0133412061915205,-0.003877720097079873
704,-0.0152364174679248,0.00346039654687047
705,0.005567442864496,0.0001502057129982859
706,-0.0001436469427691,-0.002530521946027875
707,-0.0035868007309332,-0.0003480019513517618
708,-0.0025659344441978,-0.003111765719950199
709,-0.0034319728688999,-0.0009032906964421272
710,0.0008533289813266,-0.0030944172758609056
711,-0.0164399617665249,-0.0008765244856476784
712,-0.0217054401940391,-0.00041803676867857575
713,0.0219661389367054,-0.001807729946449399
714,-0.0040121876096435,-0.0063354275189340115
715,0.0064808826953182,0.0030963183380663395
716,0.0005570382521556,-0.007479686290025711
717,0.0043404867899947,-0.005218368023633957
718,-0.0093168223634753,-0.0013836558209732175
719,0.0001393156834896,0.0002136420225724578
720,-0.0056889643935827,0.0007475459133274853
721,0.0001376188248277,0.000523872091434896
722,0.0008275525323274,0.002222977578639984
723,-0.0057526113772963,0.0004215101944282651
724,-0.004100082810787,-0.008881747722625732
725,-0.0085713912029655,0.0011072588386014104
726,0.0001350909792921,0.003388415789231658
727,-0.0071476570248201,0.00047116726636886597
728,0.0024009644156985,-0.0036580453161150217
729,-0.0026770791070495,-0.0015054214745759964
730,-0.0069751391251505,8.899913518689573e-05
731,-0.0001338615640666,-0.00026295214775018394
732,-0.0090472677308297,-0.001982233254238963
733,0.009320019449047,0.002280828543007374
734,-0.0043778435006473,0.0036957920528948307
735,0.0152852291743867,-0.00013791330275125802
736,-0.0005356308966775,-0.0009760761167854071
737,0.0026907651380302,-0.003468060167506337
738,-0.0077810816196794,-0.0017137345857918262
739,-0.0043795864331441,0.0008939045364968479
740,-0.0060589975706928,-0.0003607481485232711
741,-0.0030152511879171,0.005732234101742506
742,-0.0085201404912633,-0.000575097743421793
743,0.0024630858557116,-0.002994140377268195
744,-0.0057031082736159,-0.0024950222577899694
745,0.0064366632084923,0.0007560253725387156
746,-0.0200233157301421,0.000921479077078402
747,0.0110115317177185,-0.0009405235177837312
748,-0.0046589960656335,-0.0020591525826603174
749,-0.0080594204627062,0.001228158362209797
750,0.0017543782493044,-0.00222596968524158
751,-0.0075499995583841,-0.002835305407643318
752,-0.0018747846753398,-0.001943700946867466
753,0.0077065896918104,0.0009679684299044311
754,0.0087477752762795,-0.0033819277305155993
755,-0.0003769637924935,-0.0007853291463106871
756,0.0297499656677245,-0.004304549656808376
757,0.042353255697762,-0.0014549526385962963
758,0.0034856484729958,-0.004317705985158682
759,-0.0157937113934418,0.00022040458861738443
760,-0.0085875792775611,-0.007687839213758707
761,-0.0013126604583946,-0.0021338562946766615
762,-0.0176164378679848,0.0009239985956810415
763,-0.0002625609520073,0.002839095192030072
764,0.0087949352357745,0.004473361186683178
765,-0.0079261047252864,-5.933778447797522e-05
766,0.0098425200792255,-0.001845594379119575
767,-0.0103297411896459,0.0001156309008365497
768,-0.0070349257490767,-0.006652436219155788
769,-0.0164322335350955,0.005650872830301523
770,0.0015622330556117,-0.00018427197937853634
771,0.0003910164079714,0.0001876143942354247
772,-0.0017134209662834,-0.0018499328289180994
773,-0.0037007502741781,-0.004011920187622309
774,-0.0029247702357464,-0.0013538843486458063
775,-0.0026426657959263,-0.002392381662502885
776,-0.0056946138658558,-0.003453852841630578
777,-0.0114428878146837,-0.005001008044928312
778,0.0026253209167893,-0.004933083429932594
779,0.0052826402460428,-0.000720570795238018
780,0.0063340688212071,-0.0008535621454939246
781,-0.0055887978764801,0.0008081623236648738
782,0.0042468440783595,-0.0027288533747196198
783,0.0014625795996621,0.000594734272453934
784,0.0133014098954607,0.009772167541086674
785,0.0021622116501266,-0.0037219275254756212
786,-0.0043214001571418,-0.0011019993107765913
787,-0.0050636752172894,0.003992416430264711
788,-0.0039364859879905,-0.0015162888448685408
789,-0.0191227644894223,-0.0012334022903814912
790,-0.0031270079969971,-0.0013826333452016115
791,-0.0010420976234588,0.0024608313106000423
792,-0.0028438627064034,0.00040859178989194334
793,-0.0014091802945418,-0.0037385141476988792
794,0.0108280060397591,-0.0019338621059432626
795,-0.0030875833449725,-0.00016851825057528913
796,0.0,0.0011754098813980818
797,0.0067550189329757,-0.0009035354596562684
798,-0.0116755966667947,-0.0008303502690978348
799,-0.0119331357990048,-0.0024047684855759144
800,-0.0105642366864646,-0.0013031208654865623
801,-0.0010982790803762,0.0011956717353314161
802,-0.0029208409214102,-0.0004365944187156856
803,0.0024251797584126,-0.002192004816606641
804,0.0032926419886146,-0.00469824718311429
805,0.0124938345258701,0.0009327952284365892
806,-0.0082715823326582,0.002494534244760871
807,0.0010976502041159,-0.0005228191730566323
808,0.0158326999325119,0.0011432018363848329
809,-0.0004897871485755,-2.283928006363567e-05
810,0.0003653931772767,0.0016127926064655185
811,-0.0047782329885398,-0.0027564577758312225
812,0.003298676213803,0.002851959317922592
813,0.0006138173632474,0.0041457596234977245
814,-0.0056331014431008,-0.003549190005287528
815,0.0008474539481517,0.0005150274955667555
816,0.0100630673772263,-9.15549389901571e-06
817,-0.0028124646657712,-0.0020018231589347124
818,0.0013385326106482,-0.0008122578728944063
819,-0.0018182003136837,-0.002593980636447668
820,-0.0070303252249053,-0.0006701290840283036
821,0.0037166427811716,-0.0009948185179382563
822,0.0075611768570026,0.0013528602430596948
823,-0.0055529542998878,-0.002625770401209593
824,-0.004548141706022,-0.001308948965743184
825,0.0,0.004542115144431591
826,0.0074600697379478,0.001688175369054079
827,-0.009037609155417,0.0014450730523094535
828,-0.0081910201864712,-0.002188380341976881
829,0.0223541527836675,-0.0010851197876036167
830,-0.0103313472989034,0.0014680706663057208
831,0.0008257602642001,-0.0020113808568567038
832,0.0212689536070106,0.001786926295608282
833,-0.0125031129282864,0.0018273149617016315
834,-0.0148928854761226,0.001226163818500936
835,-0.0235167876285951,-0.0013874046271666884
836,-0.0025656119032434,0.0004036183818243444
837,0.0032603491878399,-0.003489457070827484
838,-0.025348840757858,0.0019150539301335812
839,0.0134467965706744,0.0016702618449926376
840,0.0041792502078287,0.0013484861701726913
841,-0.0076468970082093,0.0016790989320725203
842,-0.0018242351360107,0.0009070485830307007
843,0.0137219219810054,0.0013942073564976454
844,0.0010297936580528,-7.782371540088207e-05
845,0.0014884046126479,-0.002524860203266144
846,0.0254441400653652,-0.0004074762691743672
847,0.0001166021959991,0.0010117205092683434
848,-0.0043013573706278,0.0005373531603254378
849,-0.0098745173796503,-0.0050878082402050495
850,-0.0005717902058637,0.0009384439908899367
851,0.0007952703646204,0.0005161832086741924
852,-0.0018260217724209,0.0030664759688079357
853,0.0100690054960296,-0.002285204827785492
854,0.002383103471712,-0.00046604935778304935
855,-0.0144632630429026,0.0018931609811261296
856,0.0274370579231505,-0.0007300071301870048
857,0.0097971237112975,-0.0031224682461470366
858,-0.0115492049658351,0.003941457252949476
859,-0.005956433274786,0.00045849045272916555
860,0.0094576323023131,0.0004381659091450274
861,-0.0041589720483514,-0.0024519385769963264
862,-0.0040128235407319,-0.0030393870547413826
863,0.0028509521386666,0.0005828487337566912
864,-0.000915562297658,0.0017647884087637067
865,0.0034207004880551,0.00011139333219034597
866,0.0061799145399517,-0.000946065760217607
867,0.0063218741581358,0.004483434837311506
868,-0.0052114022650687,-0.0024910937063395977
869,-0.0042353793955696,0.0001762825413607061
870,0.0226341890947902,-0.004466375336050987
871,-0.0153221087805517,0.001495681586675346
872,0.0197397962070661,0.0043831802904605865
873,0.0150841129182551,-0.0013049434637650847
874,-0.0147618793305897,0.0010322805028408766
875,-0.0095548787897942,0.0010800542077049613
876,0.0051026606085695,-0.002986198291182518
877,0.0036333516139541,-0.0050666239112615585
878,-0.0129385779054195,-0.00039771158481016755
879,-0.014356811674625,0.0008331705466844141
880,0.0053107482565324,0.007563958875834942
881,0.0090909437699752,0.00060962577117607
882,-0.0007984452639011,0.0008299499750137329
883,0.002636141626746,0.0002819819201249629
884,-0.0039999825613837,0.0022744727320969105
885,-0.0041081892232688,0.0026802641805261374
886,0.0003391320925966,-0.0010910179698839784
887,0.0173854242909649,0.001018579350784421
888,-0.007560958022598,0.00014067618758417666
889,0.00528299583579,-0.0020609963685274124
890,-0.0018148741347698,-0.002895790385082364
891,-0.0064641242387002,-0.001358461449854076
892,-0.0012859885721954,-0.002767412457615137
893,0.0134736692884123,-0.0012216664617881179
894,0.0022116013043515,0.00046176608884707093
895,-0.010243787440248,-0.0003821966238319874
896,0.0048586786583074,-0.0018344958079978824
897,0.007175775910099,-0.003075517015531659
898,-0.0104435948102801,0.002365925582125783
899,-0.0006414759937837,-0.003339409362524748
900,-0.0093854894367509,0.001282048993743956
901,-0.0068948023190942,0.005099344998598099
902,-0.0109806270393319,0.0012299229856580496
903,-0.0009900272108765,-0.0009881649166345596
904,-0.0002477284782458,-0.003694656305015087
905,-0.0111745904599983,-0.0014980214182287455
906,0.0014770448097343,-0.003217685967683792
907,-0.0056643158435968,-0.002085725776851177
908,-0.0066290316915835,-0.0014089675387367606
909,-0.0048870071268892,-0.0009546571527607739
910,0.0001219326634074,1.288817475142423e-05
911,0.0060576689417741,0.0023571287747472525
912,0.0017041921734394,-4.7788111260160804e-05
913,-0.0067146306650416,0.0017027975991368294
914,0.0029193269242458,-0.000932686438318342
915,0.0029232383462855,0.0006103579071350396
916,0.0035670467975593,-0.00017478920926805586
917,-0.0153978811936553,-0.005788544192910194
918,-0.0029183548078591,-0.000794418272562325
919,-0.0043473085492708,-0.0019530575955286622
920,0.0190063064340494,0.0029589561745524406
921,-0.0181885823589933,-0.002989349886775017
922,-0.0067920583228138,0.001772990683093667
923,-0.0043295322158174,-0.0001503779349150136
924,-0.0038259169913841,0.0014057032531127334
925,0.0078087560213952,-0.0006795309018343687
926,-0.006894045630386,-0.0006032050005160272
927,-0.0039601802928522,-0.0002729979751165956
928,0.0166247982239142,0.0015923760365694761
929,0.0001212380149146,-0.0007681249990127981
930,-0.0208961916705885,-0.0005801232764497399
931,-0.0020114269414585,-0.0005861966637894511
932,0.0061284225388052,-0.002757299691438675
933,0.0061487128407572,-0.0027377831283956766
934,0.0079666846742154,0.0009387425379827619
